pokedex_num;pokemon_name;classification;alternate_name;legendary_type;height;weight;type_1;type_2;ability_1;ability_2;attack;defense;sp_attack;sp_defense;speed;total
1;Bulbasaur;Seed ;;;7;69;Grass;Poison;Overgrow;;49;49;65;65;45;318
2;Ivysaur;Seed ;;;10;130;Grass;Poison;Overgrow;;62;63;80;80;60;405
3;Venusaur;Seed ;;;20;1000;Grass;Poison;Overgrow;;82;83;100;100;80;525
3;Venusaur;Seed ;Mega;;24;1555;Grass;Poison;Thick Fat;;100;123;122;120;80;625
3;Venusaur;Seed ;Gigantamax;;240;0;Grass;Poison;Overgrow;;82;83;100;100;80;525
4;Charmander;Lizard ;;;6;85;Fire;;Blaze;;52;43;60;50;65;309
5;Charmeleon;Flame ;;;11;190;Fire;;Blaze;;64;58;80;65;80;405
6;Charizard;Flame ;;;17;905;Fire;Flying;Blaze;;84;78;109;85;100;534
6;Charizard;Flame ;Mega X;;17;1105;Fire;Dragon;Tough Claws;;130;111;130;85;100;634
6;Charizard;Flame ;Mega Y;;17;1005;Fire;Flying;Drought;;104;78;159;115;100;634
6;Charizard;Flame ;Gigantamax;;280;0;Fire;Flying;Blaze;;84;78;109;85;100;534
7;Squirtle;Tiny Turtle ;;;5;90;Water;;Torrent;;48;65;50;64;43;314
8;Wartortle;Turtle ;;;10;225;Water;;Torrent;;63;80;65;80;58;405
9;Blastoise;Shellfish ;;;16;855;Water;;Torrent;;83;100;85;105;78;530
9;Blastoise;Shellfish ;Mega;;16;1011;Water;;Mega Launcher;;103;120;135;115;78;630
9;Blastoise;Shellfish ;Gigantamax;;250;0;Water;;Torrent;;83;100;85;105;78;530
10;Caterpie;Worm ;;;3;29;Bug;;Shield Dust;;30;35;20;20;45;195
11;Metapod;Cocoon ;;;7;99;Bug;;Shed Skin;;20;55;25;25;30;205
12;Butterfree;Butterfly ;;;11;320;Bug;Flying;Compound Eyes;;45;50;90;80;70;395
12;Butterfree;Butterfly ;Gigantamax;;170;0;Bug;Flying;Compound Eyes;;45;50;90;80;70;395
13;Weedle;Hairy Bug ;;;3;32;Bug;Poison;Shield Dust;;35;30;20;20;50;195
14;Kakuna;Cocoon ;;;6;100;Bug;Poison;Shed Skin;;25;50;25;25;35;205
15;Beedrill;Poison Bee ;;;10;295;Bug;Poison;Swarm;;90;40;45;80;75;395
15;Beedrill;Poison Bee ;Mega;;14;405;Bug;Poison;Adaptability;;150;40;15;80;145;495
16;Pidgey;Tiny Bird ;;;3;18;Normal;Flying;Keen Eye;Tangled Feet;45;40;35;35;56;251
17;Pidgeotto;Bird ;;;11;300;Normal;Flying;Keen Eye;Tangled Feet;60;55;50;50;71;349
18;Pidgeot;Bird ;;;15;395;Normal;Flying;Keen Eye;Tangled Feet;80;75;70;70;101;479
18;Pidgeot;Bird ;Mega;;22;505;Normal;Flying;No Guard;;80;80;135;80;121;579
19;Rattata;Mouse ;;;3;35;Normal;;Run Away;Guts;56;35;25;35;72;253
19;Rattata;Mouse ;Alola;;3;38;Dark;Normal;Gluttony;Hustle;56;35;25;35;72;253
20;Raticate;Mouse ;;;7;185;Normal;;Run Away;Guts;81;60;50;70;97;413
20;Raticate;Mouse ;Alola;;7;255;Dark;Normal;Gluttony;Hustle;71;70;40;80;77;413
21;Spearow;Tiny Bird ;;;3;20;Normal;Flying;Keen Eye;;60;30;31;31;70;262
22;Fearow;Beak ;;;12;380;Normal;Flying;Keen Eye;;90;65;61;61;100;442
23;Ekans;Snake ;;;20;69;Poison;;Intimidate;Shed Skin;60;44;40;54;55;288
24;Arbok;Cobra ;;;35;650;Poison;;Intimidate;Shed Skin;95;69;65;79;80;448
25;Pikachu;Mouse ;;;4;60;Electric;;Static;;55;40;50;50;90;320
25;Pikachu;Mouse ;Gigantamax;;210;0;Electric;;Static;;55;40;50;50;90;320
25;Pikachu;Mouse ;Starter;;4;60;Electric;;Static;;80;50;75;60;120;430
26;Raichu;Mouse ;;;8;300;Electric;;Static;;90;55;90;80;110;485
26;Raichu;Mouse ;;;8;300;Electric;;Static;;90;55;90;80;110;485
26;Raichu;Mouse ;;;8;300;Electric;;Static;;90;55;90;80;110;485
26;Raichu;Mouse ;Alola;;7;210;Electric;Psychic;Surge Surfer;;85;50;95;85;110;485
27;Sandshrew;Mouse ;;;6;120;Ground;;Sand Veil;;75;85;20;30;40;300
27;Sandshrew;Mouse ;Alola;;7;400;Ice;Steel;Snow Cloak;;75;90;10;35;40;300
28;Sandslash;Mouse ;;;10;295;Ground;;Sand Veil;;100;110;45;55;65;450
28;Sandslash;Mouse ;Alola;;12;550;Ice;Steel;Snow Cloak;;100;120;25;65;65;450
29;Nidoran (Female);Poison Pin ;;;4;70;Poison;;Poison Point;Rivalry;47;52;40;40;41;275
30;Nidorina;Poison Pin ;;;8;200;Poison;;Poison Point;Rivalry;62;67;55;55;56;365
31;Nidoqueen;Drill ;;;13;600;Poison;Ground;Poison Point;Rivalry;92;87;75;85;76;505
32;Nidoran (Male);Poison Pin ;;;5;90;Poison;;Poison Point;Rivalry;57;40;40;40;50;273
33;Nidorino;Poison Pin ;;;9;195;Poison;;Poison Point;Rivalry;72;57;55;55;65;365
34;Nidoking;Drill ;;;14;620;Poison;Ground;Poison Point;Rivalry;102;77;85;75;85;505
35;Clefairy;Fairy ;;;6;75;Fairy;;Cute Charm;Magic Guard;45;48;60;65;35;323
36;Clefable;Fairy ;;;13;400;Fairy;;Cute Charm;Magic Guard;70;73;95;90;60;483
37;Vulpix;Fox ;;;6;99;Fire;;Flash Fire;;41;40;50;65;65;299
37;Vulpix;Fox ;Alola;;6;99;Ice;;Snow Cloak;;41;40;50;65;65;299
38;Ninetales;Fox ;;;11;199;Fire;;Flash Fire;;76;75;81;100;100;505
38;Ninetales;Fox ;Alola;;11;199;Ice;Fairy;Snow Cloak;;67;75;81;100;109;505
39;Jigglypuff;Balloon ;;;5;55;Normal;Fairy;Cute Charm;Competitive;45;20;45;25;20;270
40;Wigglytuff;Balloon ;;;10;120;Normal;Fairy;Cute Charm;Competitive;70;45;85;50;45;435
41;Zubat;Bat ;;;8;75;Poison;Flying;Inner Focus;;45;35;30;40;55;245
42;Golbat;Bat ;;;16;550;Poison;Flying;Inner Focus;;80;70;65;75;95;460
43;Oddish;Weed ;;;5;54;Grass;Poison;Chlorophyll;;50;55;75;65;30;320
44;Gloom;Weed ;;;8;86;Grass;Poison;Chlorophyll;;65;70;85;75;40;395
45;Vileplume;Flower ;;;12;186;Grass;Poison;Chlorophyll;;80;85;110;90;50;490
46;Paras;Mushroom ;;;3;54;Bug;Grass;Effect Spore;Dry Skin;70;55;45;55;25;285
47;Parasect;Mushroom ;;;10;295;Bug;Grass;Effect Spore;Dry Skin;95;80;60;80;30;405
48;Venonat;Insect ;;;10;300;Bug;Poison;Compound Eyes;Tinted Lens;55;50;40;55;45;305
49;Venomoth;Poison Moth ;;;15;125;Bug;Poison;Shield Dust;Tinted Lens;65;60;90;75;90;450
50;Diglett;Mole ;;;2;8;Ground;;Sand Veil;Arena Trap;55;25;35;45;95;265
50;Diglett;Mole ;Alola;;2;10;Ground;Steel;Sand Veil;Tangling Hair;55;30;35;45;90;265
51;Dugtrio;Mole ;Alola;;7;666;Ground;Steel;Sand Veil;Tangling Hair;100;60;50;70;110;425
51;Dugtrio;Mole ;;;7;333;Ground;;Sand Veil;Arena Trap;100;50;50;70;120;425
52;Meowth;Scratch Cat ;Gigantamax;;330;0;Normal;;Pickup;Technician;45;35;40;40;90;290
52;Meowth;Scratch Cat ;;;4;42;Normal;;Pickup;Technician;45;35;40;40;90;290
52;Meowth;Scratch Cat ;Alola;;4;42;Dark;;Pickup;Technician;35;35;50;40;90;290
52;Meowth;Scratch Cat ;Galar;;4;75;Steel;;Pickup;Tough Claws;65;55;40;40;40;290
53;Persian;Classy Cat ;;;10;320;Normal;;Limber;Technician;70;60;65;65;115;440
53;Persian;Classy Cat ;Alola;;11;330;Dark;;Fur Coat;Technician;60;60;75;65;115;440
54;Psyduck;Duck ;;;8;196;Water;;Damp;Cloud Nine;52;48;65;50;55;320
55;Golduck;Duck ;;;17;766;Water;;Damp;Cloud Nine;82;78;95;80;85;500
56;Mankey;Pig Monkey ;;;5;280;Fighting;;Vital Spirit;Anger Point;80;35;35;45;70;305
57;Primeape;Pig Monkey ;;;10;320;Fighting;;Vital Spirit;Anger Point;105;60;60;70;95;455
58;Growlithe;Puppy ;;;7;190;Fire;;Intimidate;Flash Fire;70;45;70;50;60;350
58;Growlithe;Scout ;Hisui;;8;227;Fire;Rock;Intimidate;Flash Fire;75;45;65;50;55;350
59;Arcanine;Legendary ;Hisui;;20;1680;Fire;Rock;Intimidate;Flash Fire;115;80;95;80;90;555
59;Arcanine;Legendary ;;;19;1550;Fire;;Intimidate;Flash Fire;110;80;100;80;95;555
60;Poliwag;Tadpole ;;;6;124;Water;;Water Absorb;Damp;50;40;40;40;90;300
61;Poliwhirl;Tadpole ;;;10;200;Water;;Water Absorb;Damp;65;65;50;50;90;385
62;Poliwrath;Tadpole ;;;13;540;Water;Fighting;Water Absorb;Damp;95;95;70;90;70;510
63;Abra;Psi ;;;9;195;Psychic;;Synchronize;Inner Focus;20;15;105;55;90;310
64;Kadabra;Psi ;;;13;565;Psychic;;Synchronize;Inner Focus;35;30;120;70;105;400
65;Alakazam;Psi ;;;15;480;Psychic;;Synchronize;Inner Focus;50;45;135;95;120;500
65;Alakazam;Psi ;;;15;480;Psychic;;Synchronize;Inner Focus;50;45;135;95;120;500
65;Alakazam;Psi ;Mega;;12;480;Psychic;;Trace;;50;65;175;105;150;600
66;Machop;Superpower ;;;8;195;Fighting;;Guts;No Guard;80;50;35;35;35;305
67;Machoke;Superpower ;;;15;705;Fighting;;Guts;No Guard;100;70;50;60;45;405
68;Machamp;Superpower ;;;16;1300;Fighting;;Guts;No Guard;130;80;65;85;55;505
68;Machamp;Superpower ;;;16;1300;Fighting;;Guts;No Guard;130;80;65;85;55;505
68;Machamp;Superpower ;Gigantamax;;250;0;Fighting;;Guts;No Guard;130;80;65;85;55;505
69;Bellsprout;Flower ;;;7;40;Grass;Poison;Chlorophyll;;75;35;70;30;40;300
70;Weepinbell;Flycatcher ;;;10;64;Grass;Poison;Chlorophyll;;90;50;85;45;55;390
71;Victreebel;Flycatcher ;;;17;155;Grass;Poison;Chlorophyll;;105;65;100;70;70;490
72;Tentacool;Jellyfish ;;;9;455;Water;Poison;Clear Body;Liquid Ooze;40;35;50;100;70;335
73;Tentacruel;Jellyfish ;;;16;550;Water;Poison;Clear Body;Liquid Ooze;70;65;80;120;100;515
74;Geodude;Rock ;Alola;;4;203;Rock;Electric;Magnet Pull;Sturdy;80;100;30;30;20;300
74;Geodude;Rock ;;;4;200;Rock;Ground;Rock Head;Sturdy;80;100;30;30;20;300
75;Graveler;Rock ;;;10;1050;Rock;Ground;Rock Head;Sturdy;95;115;45;45;35;390
75;Graveler;Rock ;Alola;;10;1100;Rock;Electric;Magnet Pull;Sturdy;95;115;45;45;35;390
76;Golem;Megaton ;Alola;;17;3160;Rock;Electric;Magnet Pull;Sturdy;120;130;55;65;45;495
76;Golem;Megaton ;;;14;3000;Rock;Ground;Rock Head;Sturdy;120;130;55;65;45;495
76;Golem;Megaton ;;;14;3000;Rock;Ground;Rock Head;Sturdy;120;130;55;65;45;495
77;Ponyta;Fire Horse ;;;10;300;Fire;;Run Away;Flash Fire;85;55;65;65;90;410
77;Ponyta;Unique Horn ;Galar;;8;240;Psychic;;Run Away;Pastel Veil;85;55;65;65;90;410
78;Rapidash;Unique Horn ;Galar;;17;800;Psychic;Fairy;Run Away;Pastel Veil;100;70;80;80;105;500
78;Rapidash;Fire Horse ;;;17;950;Fire;;Run Away;Flash Fire;100;70;80;80;105;500
79;Slowpoke;Dopey ;;;12;360;Water;Psychic;Oblivious;Own Tempo;65;65;40;40;15;315
79;Slowpoke;Dopey ;Galar;;12;360;Psychic;;Gluttony;Own Tempo;65;65;40;40;15;315
80;Slowbro;Hermit Crab ;Mega;;20;1200;Water;Psychic;Shell Armor;;75;180;130;80;30;590
80;Slowbro;Hermit Crab ;Galar;;16;705;Poison;Psychic;Quick Draw;Own Tempo;100;95;100;70;30;490
80;Slowbro;Hermit Crab ;;;16;785;Water;Psychic;Oblivious;Own Tempo;75;110;100;80;30;490
81;Magnemite;Magnet ;;;3;60;Electric;Steel;Magnet Pull;Sturdy;35;70;95;55;45;325
82;Magneton;Magnet ;;;10;600;Electric;Steel;Magnet Pull;Sturdy;60;95;120;70;70;465
83;Farfetch'd;Wild Duck ;;;8;150;Normal;Flying;Keen Eye;Inner Focus;90;55;58;62;60;377
83;Farfetch'd;Wild Bull ;Galar;;8;420;Fighting;;Steadfast;;95;55;58;62;55;377
84;Doduo;Twin Bird ;;;14;392;Normal;Flying;Run Away;Early Bird;85;45;35;35;75;310
85;Dodrio;Triple Bird ;;;18;852;Normal;Flying;Run Away;Early Bird;110;70;60;60;110;470
86;Seel;Sea Lion ;;;11;900;Water;;Thick Fat;Hydration;45;55;45;70;45;325
87;Dewgong;Sea Lion ;;;17;1200;Water;Ice;Thick Fat;Hydration;70;80;70;95;70;475
88;Grimer;Sludge ;;;9;300;Poison;;Stench;Sticky Hold;80;50;40;50;25;325
88;Grimer;Sludge ;Alola;;7;420;Poison;Dark;Poison Touch;Gluttony;80;50;40;50;25;325
89;Muk;Sludge ;Alola;;10;520;Poison;Dark;Poison Touch;Gluttony;105;75;65;100;50;500
89;Muk;Sludge ;;;12;300;Poison;;Stench;Sticky Hold;105;75;65;100;50;500
90;Shellder;Bivalve ;;;3;40;Water;;Shell Armor;Skill Link;65;100;45;25;40;305
91;Cloyster;Bivalve ;;;15;1325;Water;Ice;Shell Armor;Skill Link;95;180;85;45;70;525
92;Gastly;Gas ;;;13;1;Ghost;Poison;Levitate;;35;30;100;35;80;310
93;Haunter;Gas ;;;16;1;Ghost;Poison;Levitate;;50;45;115;55;95;405
94;Gengar;Shadow ;;;15;405;Ghost;Poison;Cursed Body;;65;60;130;75;110;500
94;Gengar;Shadow ;;;15;405;Ghost;Poison;Cursed Body;;65;60;130;75;110;500
94;Gengar;Shadow ;Mega;;14;405;Ghost;Poison;Shadow Tag;;65;80;170;95;130;600
94;Gengar;Shadow ;Gigantamax;;200;0;Ghost;Poison;Cursed Body;;65;60;130;75;110;500
95;Onix;Rock Snake ;;;88;2100;Rock;Ground;Rock Head;Sturdy;45;160;30;45;70;385
96;Drowzee;Hypnosis ;;;10;324;Psychic;;Insomnia;Forewarn;48;45;43;90;42;328
97;Hypno;Hypnosis ;;;16;756;Psychic;;Insomnia;Forewarn;73;70;73;115;67;483
98;Krabby;River Crab ;;;4;65;Water;;Hyper Cutter;Shell Armor;105;90;25;25;50;325
99;Kingler;Pincer ;;;13;600;Water;;Hyper Cutter;Shell Armor;130;115;50;50;75;475
99;Kingler;Pincer ;Gigantamax;;190;0;Water;;Hyper Cutter;Shell Armor;130;115;50;50;75;475
100;Voltorb;Sphere ;Hisui;;5;130;Electric;Grass;Soundproof;Static;30;50;55;55;100;330
100;Voltorb;Ball ;;;5;105;Electric;;Soundproof;Static;30;50;55;55;100;330
101;Electrode;Ball ;;;12;666;Electric;;Soundproof;Static;50;70;80;80;150;490
101;Electrode;Sphere ;Hisui;;12;710;Electric;Grass;Soundproof;Static;50;70;80;80;150;490
102;Exeggcute;Egg ;;;4;25;Grass;Psychic;Chlorophyll;;40;80;60;45;40;325
103;Exeggutor;Coconut ;;;20;1200;Grass;Psychic;Chlorophyll;;95;85;125;75;55;530
103;Exeggutor;Coconut ;;;20;1200;Grass;Psychic;Chlorophyll;;95;85;125;75;55;530
103;Exeggutor;Coconut ;;;20;1200;Grass;Psychic;Chlorophyll;;95;85;125;75;55;530
103;Exeggutor;Coconut ;Alola;;109;4156;Grass;Dragon;Frisk;;105;85;125;75;45;530
104;Cubone;Lonely ;;;4;65;Ground;;Rock Head;Lightning Rod;50;95;40;50;35;320
105;Marowak;Bone Keeper ;;;10;450;Ground;;Rock Head;Lightning Rod;80;110;50;80;45;425
105;Marowak;Bone Keeper ;;;10;450;Ground;;Rock Head;Lightning Rod;80;110;50;80;45;425
105;Marowak;Bone Keeper ;;;10;450;Ground;;Rock Head;Lightning Rod;80;110;50;80;45;425
105;Marowak;Bone Keeper ;Alola;;10;340;Ghost;Fire;Cursed Body;Lightning Rod;80;110;50;80;45;425
106;Hitmonlee;Kicking ;;;15;498;Fighting;;Limber;Reckless;120;53;35;110;87;455
107;Hitmonchan;Punching ;;;14;502;Fighting;;Keen Eye;Iron Fist;105;79;35;110;76;455
108;Lickitung;Licking ;;;12;655;Normal;;Own Tempo;Oblivious;55;75;60;75;30;385
109;Koffing;Poison Gas ;;;6;10;Poison;;Levitate;Neutralizing Gas;65;95;60;45;35;340
110;Weezing;Poison Gas ;;;12;95;Poison;;Levitate;Neutralizing Gas;90;120;85;70;60;490
110;Weezing;Poison Gas ;Galar;;30;160;Poison;Fairy;Levitate;Neutralizing Gas;90;120;85;70;60;490
111;Rhyhorn;Spikes ;;;10;1150;Ground;Rock;Lightning Rod;Rock Head;85;95;30;30;25;345
112;Rhydon;Drill ;;;19;1200;Ground;Rock;Lightning Rod;Rock Head;130;120;45;45;40;485
113;Chansey;Egg ;;;11;346;Normal;;Natural Cure;Serene Grace;5;5;35;105;50;450
114;Tangela;Vine ;;;10;350;Grass;;Chlorophyll;Leaf Guard;55;115;100;40;60;435
115;Kangaskhan;Parent ;;;22;800;Normal;;Early Bird;Scrappy;95;80;40;80;90;490
115;Kangaskhan;Parent ;Mega;;22;1000;Normal;;Parental Bond;;125;100;60;100;100;590
116;Horsea;Dragon ;;;4;80;Water;;Swift Swim;Sniper;40;70;70;25;60;295
117;Seadra;Dragon ;;;12;250;Water;;Poison Point;Sniper;65;95;95;45;85;440
118;Goldeen;Goldfish ;;;6;150;Water;;Swift Swim;Water Veil;67;60;35;50;63;320
119;Seaking;Goldfish ;;;13;390;Water;;Swift Swim;Water Veil;92;65;65;80;68;450
120;Staryu;Star Shape ;;;8;345;Water;;Illuminate;Natural Cure;45;55;70;55;85;340
121;Starmie;Mysterious ;;;11;800;Water;Psychic;Illuminate;Natural Cure;75;85;100;85;115;520
122;Mr. Mime;Barrier ;;;13;545;Psychic;Fairy;Soundproof;Filter;45;65;100;120;90;460
122;Mr. Mime;Dancing ;Galar;;14;560;Ice;Psychic;Vital Spirit;Screen Cleaner;65;65;90;90;100;460
123;Scyther;Mantis ;;;15;560;Bug;Flying;Swarm;Technician;110;80;55;80;105;500
124;Jynx;Human Shape ;;;14;406;Ice;Psychic;Oblivious;Forewarn;50;35;115;95;95;455
125;Electabuzz;Electric ;;;11;300;Electric;;Static;;83;57;95;85;105;490
126;Magmar;Spitfire ;;;13;445;Fire;;Flame Body;;95;57;100;85;93;495
127;Pinsir;Stag Beetle ;;;15;550;Bug;;Hyper Cutter;Mold Breaker;125;100;55;70;85;500
127;Pinsir;Stag Beetle ;Mega;;17;590;Bug;Flying;Aerilate;;155;120;65;90;105;600
128;Tauros;Wild Bull ;Paldean Combat Breed;;14;1150;Fighting;;Intimidate;Anger Point;110;105;30;70;100;490
128;Tauros;Wild Bull ;Paldean Blaze Breed;;14;850;Fighting;Fire;Intimidate;Anger Point;110;105;30;70;100;490
128;Tauros;Wild Bull ;Paldean Aqua Breed;;14;1100;Fighting;Water;Intimidate;Anger Point;110;105;30;70;100;490
128;Tauros;Wild Bull ;;;14;884;Normal;;Intimidate;Anger Point;100;95;40;70;110;490
129;Magikarp;Fish ;;;9;100;Water;;Swift Swim;;10;55;15;20;80;200
130;Gyarados;Atrocious ;;;65;2350;Water;Flying;Intimidate;;125;79;60;100;81;540
130;Gyarados;Atrocious ;Mega;;65;3050;Water;Dark;Mold Breaker;;155;109;70;130;81;640
131;Lapras;Transport ;Gigantamax;;240;0;Water;Ice;Water Absorb;Shell Armor;85;80;85;95;60;535
131;Lapras;Transport ;;;25;2200;Water;Ice;Water Absorb;Shell Armor;85;80;85;95;60;535
132;Ditto;Transform ;;;3;40;Normal;;Limber;;48;48;48;48;48;288
133;Eevee;Evolution ;;;3;65;Normal;;Run Away;Adaptability;55;50;45;65;55;325
133;Eevee;Evolution ;Gigantamax;;180;0;Normal;;Run Away;Adaptability;55;50;45;65;55;325
133;Eevee;Evolution ;Starter;;3;65;Normal;;Run Away;Adaptability;75;70;65;85;75;435
134;Vaporeon;Bubble Jet ;;;10;290;Water;;Water Absorb;;65;60;110;95;65;525
135;Jolteon;Lightning ;;;8;245;Electric;;Volt Absorb;;65;60;110;95;130;525
136;Flareon;Flame ;;;9;250;Fire;;Flash Fire;;130;60;95;110;65;525
137;Porygon;Virtual ;;;8;365;Normal;;Trace;Download;60;70;85;75;40;395
138;Omanyte;Spiral ;;;4;75;Rock;Water;Swift Swim;Shell Armor;40;100;90;55;35;355
139;Omastar;Spiral ;;;10;350;Rock;Water;Swift Swim;Shell Armor;60;125;115;70;55;495
140;Kabuto;Shellfish ;;;5;115;Rock;Water;Swift Swim;Battle Armor;80;90;55;45;55;355
141;Kabutops;Shellfish ;;;13;405;Rock;Water;Swift Swim;Battle Armor;115;105;65;70;80;495
142;Aerodactyl;Fossil ;;;18;590;Rock;Flying;Rock Head;Pressure;105;65;60;75;130;515
142;Aerodactyl;Fossil ;Mega;;21;790;Rock;Flying;Tough Claws;;135;85;70;95;150;615
143;Snorlax;Sleeping ;Gigantamax;;350;0;Normal;;Immunity;Thick Fat;110;65;65;110;30;540
143;Snorlax;Sleeping ;;;21;4600;Normal;;Immunity;Thick Fat;110;65;65;110;30;540
144;Articuno;Freeze ;;Sub-Legendary;17;554;Ice;Flying;Pressure;;85;100;95;125;85;580
144;Articuno;Cruel ;Galar;Sub-Legendary;17;509;Psychic;Flying;Competitive;;85;85;125;100;95;580
145;Zapdos;Strong Legs ;Galar;Sub-Legendary;16;582;Fighting;Flying;Defiant;;125;90;85;90;100;580
145;Zapdos;Electric ;;Sub-Legendary;16;526;Electric;Flying;Pressure;;90;85;125;90;100;580
146;Moltres;Flame ;;Sub-Legendary;20;600;Fire;Flying;Pressure;;100;90;125;85;90;580
146;Moltres;Malevolent ;Galar;Sub-Legendary;20;660;Dark;Flying;Berserk;;85;90;100;125;90;580
147;Dratini;Dragon ;;;18;33;Dragon;;Shed Skin;;64;45;50;50;50;300
148;Dragonair;Dragon ;;;40;165;Dragon;;Shed Skin;;84;65;70;70;70;420
149;Dragonite;Dragon ;;;22;2100;Dragon;Flying;Inner Focus;;134;95;100;100;80;600
150;Mewtwo;Genetic ;;Legendary;20;1220;Psychic;;Pressure;;110;90;154;90;130;680
150;Mewtwo;Genetic ;Mega X;Legendary;23;1270;Psychic;;Steadfast;;190;100;154;100;130;780
150;Mewtwo;Genetic ;Mega Y;Legendary;15;330;Psychic;;Insomnia;;150;70;194;120;140;780
151;Mew;New Species ;;Mythical;4;40;Psychic;;Synchronize;;100;100;100;100;100;600
152;Chikorita;Leaf ;;;9;64;Grass;;Overgrow;;49;65;49;65;45;318
153;Bayleef;Leaf ;;;12;158;Grass;;Overgrow;;62;80;63;80;60;405
154;Meganium;Herb ;;;18;1005;Grass;;Overgrow;;82;100;83;100;80;525
155;Cyndaquil;Fire Mouse ;;;5;79;Fire;;Blaze;;52;43;60;50;65;309
156;Quilava;Volcano ;;;9;190;Fire;;Blaze;;64;58;80;65;80;405
157;Typhlosion;Volcano ;;;17;795;Fire;;Blaze;;84;78;109;85;100;534
157;Typhlosion;Ghost Flame ;Hisui;;16;698;Fire;Ghost;Blaze;;84;78;119;85;95;534
158;Totodile;Big Jaw ;;;6;95;Water;;Torrent;;65;64;44;48;43;314
159;Croconaw;Big Jaw ;;;11;250;Water;;Torrent;;80;80;59;63;58;405
160;Feraligatr;Big Jaw ;;;23;888;Water;;Torrent;;105;100;79;83;78;530
161;Sentret;Scout ;;;8;60;Normal;;Run Away;Keen Eye;46;34;35;45;20;215
162;Furret;Long Body ;;;18;325;Normal;;Run Away;Keen Eye;76;64;45;55;90;415
163;Hoothoot;Owl ;;;7;212;Normal;Flying;Insomnia;Keen Eye;30;30;36;56;50;262
164;Noctowl;Owl ;;;16;408;Normal;Flying;Insomnia;Keen Eye;50;50;86;96;70;452
165;Ledyba;Five Star ;;;10;108;Bug;Flying;Swarm;Early Bird;20;30;40;80;55;265
166;Ledian;Five Star ;;;14;356;Bug;Flying;Swarm;Early Bird;35;50;55;110;85;390
167;Spinarak;String Spit ;;;5;85;Bug;Poison;Swarm;Insomnia;60;40;40;40;30;250
168;Ariados;Long Leg ;;;11;335;Bug;Poison;Swarm;Insomnia;90;70;60;70;40;400
169;Crobat;Bat ;;;18;750;Poison;Flying;Inner Focus;;90;80;70;80;130;535
170;Chinchou;Angler ;;;5;120;Water;Electric;Volt Absorb;Illuminate;38;38;56;56;67;330
171;Lanturn;Light ;;;12;225;Water;Electric;Volt Absorb;Illuminate;58;58;76;76;67;460
172;Pichu;Tiny Mouse ;;;3;20;Electric;;Static;;40;15;35;35;60;205
173;Cleffa;Star Shape ;;;3;30;Fairy;;Cute Charm;Magic Bounce;25;28;45;55;15;218
174;Igglybuff;Balloon ;;;3;10;Normal;Fairy;Cute Charm;Competitive;30;15;40;20;15;210
175;Togepi;Spike Ball ;;;3;15;Fairy;;Hustle;Serene Grace;20;65;40;65;20;245
176;Togetic;Happiness ;;;6;32;Fairy;Flying;Hustle;Serene Grace;40;85;80;105;40;405
177;Natu;Tiny Bird ;;;2;20;Psychic;Flying;Synchronize;Early Bird;50;45;70;45;70;320
178;Xatu;Mystic ;;;15;150;Psychic;Flying;Synchronize;Early Bird;75;70;95;70;95;470
179;Mareep;Wool ;;;6;78;Electric;;Static;;40;40;65;45;35;280
180;Flaaffy;Wool ;;;8;133;Electric;;Static;;55;55;80;60;45;365
181;Ampharos;Light ;;;14;615;Electric;;Static;;75;85;115;90;55;510
181;Ampharos;Light ;Mega;;14;615;Electric;Dragon;Mold Breaker;;95;105;165;110;45;610
182;Bellossom;Flower ;;;4;58;Grass;;Chlorophyll;;80;95;90;100;50;490
183;Marill;Aqua Mouse ;;;4;85;Water;Fairy;Thick Fat;Huge Power;20;50;20;50;40;250
184;Azumarill;Aqua Rabbit ;;;8;285;Water;Fairy;Thick Fat;Huge Power;50;80;60;80;50;420
185;Sudowoodo;Imitation ;;;12;380;Rock;;Sturdy;Rock Head;110;115;30;65;30;420
186;Politoed;Frog ;;;11;339;Water;;Water Absorb;Damp;75;75;90;100;70;500
187;Hoppip;Cottonweed ;;;4;5;Grass;Flying;Chlorophyll;Leaf Guard;35;40;35;55;50;250
188;Skiploom;Cottonweed ;;;6;10;Grass;Flying;Chlorophyll;Leaf Guard;45;50;45;65;80;340
189;Jumpluff;Cottonweed ;;;8;30;Grass;Flying;Chlorophyll;Leaf Guard;55;70;55;95;110;460
190;Aipom;Long Tail ;;;8;115;Normal;;Run Away;Pickup;70;55;40;55;85;360
191;Sunkern;Seed ;;;3;18;Grass;;Chlorophyll;Solar Power;30;30;30;30;30;180
192;Sunflora;Sun ;;;8;85;Grass;;Chlorophyll;Solar Power;75;55;105;85;30;425
193;Yanma;Clear Wing ;;;12;380;Bug;Flying;Speed Boost;Compound Eyes;65;45;75;45;95;390
194;Wooper;Water Fish ;;;4;85;Water;Ground;Damp;Water Absorb;45;45;25;25;15;210
194;Wooper;Poison Fish ;Paldea;;4;110;Poison;Ground;Poison Point;Water Absorb;45;45;25;25;15;210
195;Quagsire;Water Fish ;;;14;750;Water;Ground;Damp;Water Absorb;85;85;65;65;35;430
196;Espeon;Sun ;;;9;265;Psychic;;Synchronize;;65;60;130;95;110;525
197;Umbreon;Moonlight ;;;10;270;Dark;;Synchronize;;65;110;60;130;65;525
198;Murkrow;Darkness ;;;5;21;Dark;Flying;Insomnia;Super Luck;85;42;85;42;91;405
199;Slowking;Royal ;;;20;795;Water;Psychic;Oblivious;Own Tempo;75;80;100;110;30;490
199;Slowking;Royal ;Galar;;18;795;Poison;Psychic;Curious Medicine;Own Tempo;65;80;110;110;30;490
200;Misdreavus;Screech ;;;7;10;Ghost;;Levitate;;60;60;85;85;85;435
201;Unown;Symbol ;;;5;50;Psychic;;Levitate;;72;48;72;48;48;336
202;Wobbuffet;Patient ;;;13;285;Psychic;;Shadow Tag;;33;58;33;58;33;405
203;Girafarig;Long Neck ;;;15;415;Normal;Psychic;Inner Focus;Early Bird;80;65;90;65;85;455
204;Pineco;Bagworm ;;;6;72;Bug;;Sturdy;;65;90;35;35;15;290
205;Forretress;Bagworm ;;;12;1258;Bug;Steel;Sturdy;;90;140;60;60;40;465
206;Dunsparce;Land Snake ;;;15;140;Normal;;Serene Grace;Run Away;70;70;65;65;45;415
207;Gligar;Fly Scorpion ;;;11;648;Ground;Flying;Hyper Cutter;Sand Veil;75;105;35;65;85;430
208;Steelix;Iron Snake ;;;92;4000;Steel;Ground;Rock Head;Sturdy;85;200;55;65;30;510
208;Steelix;Iron Snake ;Mega;;105;7400;Steel;Ground;Sand Force;;125;230;55;95;30;610
209;Snubbull;Fairy ;;;6;78;Fairy;;Intimidate;Run Away;80;50;40;40;30;300
210;Granbull;Fairy ;;;14;487;Fairy;;Intimidate;Quick Feet;120;75;60;60;45;450
211;Qwilfish;Balloon ;;;5;39;Water;Poison;Poison Point;Swift Swim;95;85;55;55;85;440
211;Qwilfish;Balloon ;Hisui;;5;39;Dark;Poison;Poison Point;Swift Swim;95;85;55;55;85;440
212;Scizor;Pincer ;Mega;;20;1250;Bug;Steel;Technician;;150;140;65;100;75;600
212;Scizor;Pincer ;;;18;1180;Bug;Steel;Swarm;Technician;130;100;55;80;65;500
213;Shuckle;Mold ;;;6;205;Bug;Rock;Sturdy;Gluttony;10;230;10;230;5;505
214;Heracross;Single Horn ;;;15;540;Bug;Fighting;Swarm;Guts;125;75;40;95;85;500
214;Heracross;Abundance ;Mega;;17;625;Bug;Fighting;Skill Link;;185;115;40;105;75;600
215;Sneasel;Sharp Claw ;Hisui;;9;270;Fighting;Poison;Inner Focus;Keen Eye;95;55;35;75;115;430
215;Sneasel;Sharp Claw ;;;9;280;Dark;Ice;Inner Focus;Keen Eye;95;55;35;75;115;430
216;Teddiursa;Little Bear ;;;6;88;Normal;;Pickup;Quick Feet;80;50;50;50;40;330
217;Ursaring;Hibernator ;;;18;1258;Normal;;Guts;Quick Feet;130;75;75;75;55;500
218;Slugma;Lava ;;;7;350;Fire;;Magma Armor;Flame Body;40;40;70;40;20;250
219;Magcargo;Lava ;;;8;550;Fire;Rock;Magma Armor;Flame Body;50;120;90;80;30;430
220;Swinub;Pig ;;;4;65;Ice;Ground;Oblivious;Snow Cloak;50;40;30;30;50;250
221;Piloswine;Swine ;;;11;558;Ice;Ground;Oblivious;Snow Cloak;100;80;60;60;50;450
222;Corsola;Coral ;;;6;50;Water;Rock;Hustle;Natural Cure;55;95;65;95;35;410
222;Corsola;Coral ;Galar;;6;5;Ghost;;Weak Armor;;55;100;65;100;30;410
223;Remoraid;Jet ;;;6;120;Water;;Hustle;Sniper;65;35;65;35;65;300
224;Octillery;Jet ;;;9;285;Water;;Suction Cups;Sniper;105;75;105;75;45;480
225;Delibird;Delivery ;;;9;160;Ice;Flying;Vital Spirit;;55;45;65;45;75;330
226;Mantine;Kite ;;;21;2200;Water;Flying;Swift Swim;Water Absorb;40;70;80;140;70;485
227;Skarmory;Armor Bird ;;;17;505;Steel;Flying;Keen Eye;Sturdy;80;140;40;70;70;465
228;Houndour;Dark ;;;6;108;Dark;Fire;Early Bird;Flash Fire;60;30;80;50;65;330
229;Houndoom;Dark ;;;14;350;Dark;Fire;Early Bird;Flash Fire;90;50;110;80;95;500
229;Houndoom;Dark ;Mega;;19;495;Dark;Fire;Solar Power;;90;90;140;90;115;600
230;Kingdra;Dragon ;;;18;1520;Water;Dragon;Swift Swim;Sniper;95;95;95;95;85;540
231;Phanpy;Long Nose ;;;5;335;Ground;;Pickup;;60;60;40;40;40;330
232;Donphan;Armor ;;;11;1200;Ground;;Sturdy;;120;120;60;60;50;500
233;Porygon2;Virtual ;;;6;325;Normal;;Trace;Download;80;90;105;95;60;515
234;Stantler;Big Horn ;;;14;712;Normal;;Intimidate;Frisk;95;62;85;65;85;465
235;Smeargle;Painter ;;;12;580;Normal;;Own Tempo;Technician;20;35;20;45;75;250
236;Tyrogue;Scuffle ;;;7;210;Fighting;;Guts;Steadfast;35;35;35;35;35;210
237;Hitmontop;Handstand ;;;14;480;Fighting;;Intimidate;Technician;95;95;35;110;70;455
238;Smoochum;Kiss ;;;4;60;Ice;Psychic;Oblivious;Forewarn;30;15;85;65;65;305
239;Elekid;Electric ;;;6;235;Electric;;Static;;63;37;65;55;95;360
240;Magby;Live Coal ;;;7;214;Fire;;Flame Body;;75;37;70;55;83;365
241;Miltank;Milk Cow ;;;12;755;Normal;;Thick Fat;Scrappy;80;105;40;70;100;490
242;Blissey;Happiness ;;;15;468;Normal;;Natural Cure;Serene Grace;10;10;75;135;55;540
243;Raikou;Thunder ;;Sub-Legendary;19;1780;Electric;;Pressure;;85;75;115;100;115;580
244;Entei;Volcano ;;Sub-Legendary;21;1980;Fire;;Pressure;;115;85;90;75;100;580
245;Suicune;Aurora ;;Sub-Legendary;20;1870;Water;;Pressure;;75;115;90;115;85;580
246;Larvitar;Rock Skin ;;;6;720;Rock;Ground;Guts;;64;50;45;50;41;300
247;Pupitar;Hard Shell ;;;12;1520;Rock;Ground;Shed Skin;;84;70;65;70;51;410
248;Tyranitar;Armor ;;;20;2020;Rock;Dark;Sand Stream;;134;110;95;100;61;600
248;Tyranitar;Armor Bird ;Mega;;25;2550;Rock;Dark;Sand Stream;;164;150;95;120;71;700
249;Lugia;Diving ;;Legendary;52;2160;Psychic;Flying;Pressure;;90;130;90;154;110;680
250;Ho-Oh;Rainbow ;;Legendary;38;1990;Fire;Flying;Pressure;;130;90;110;154;90;680
251;Celebi;Time Travel ;;Mythical;6;50;Psychic;Grass;Natural Cure;;100;100;100;100;100;600
252;Treecko;Wood Gecko ;;;5;50;Grass;;Overgrow;;45;35;65;55;70;310
253;Grovyle;Wood Gecko ;;;9;216;Grass;;Overgrow;;65;45;85;65;95;405
254;Sceptile;Forest ;;;17;522;Grass;;Overgrow;;85;65;105;85;120;530
254;Sceptile;Forest ;Mega;;19;552;Grass;Dragon;Lightning Rod;;110;75;145;85;145;630
255;Torchic;Chick ;;;4;25;Fire;;Blaze;;60;40;70;50;45;310
256;Combusken;Young Fowl ;;;9;195;Fire;Fighting;Blaze;;85;60;85;60;55;405
257;Blaziken;Blaze ;;;19;520;Fire;Fighting;Blaze;;120;70;110;70;80;530
257;Blaziken;Blaze ;Mega;;19;520;Fire;Fighting;Speed Boost;;160;80;130;80;100;630
258;Mudkip;Mud Fish ;;;4;76;Water;;Torrent;;70;50;50;50;40;310
259;Marshtomp;Mud Fish ;;;7;280;Water;Ground;Torrent;;85;70;60;70;50;405
260;Swampert;Mud Fish ;;;15;819;Water;Ground;Torrent;;110;90;85;90;60;535
260;Swampert;Mud Fish ;Mega;;19;1020;Water;Ground;Swift Swim;;150;110;95;110;70;635
261;Poochyena;Bite ;;;5;136;Dark;;Run Away;Quick Feet;55;35;30;30;35;220
262;Mightyena;Bite ;;;10;370;Dark;;Intimidate;Quick Feet;90;70;60;60;70;420
263;Zigzagoon;Tiny Raccoon ;;;4;175;Normal;;Pickup;Gluttony;30;41;30;41;60;240
263;Zigzagoon;Tiny Raccoon ;Galar;;4;175;Dark;Normal;Pickup;Gluttony;30;41;30;41;60;240
264;Linoone;Rushing ;Galar;;5;325;Dark;Normal;Pickup;Gluttony;70;61;50;61;100;420
264;Linoone;Rushing ;;;5;325;Normal;;Pickup;Gluttony;70;61;50;61;100;420
265;Wurmple;Worm ;;;3;36;Bug;;Shield Dust;;45;35;20;30;20;195
266;Silcoon;Cocoon ;;;6;100;Bug;;Shed Skin;;35;55;25;25;15;205
267;Beautifly;Butterfly ;;;10;284;Bug;Flying;Swarm;;70;50;100;50;65;395
268;Cascoon;Cocoon ;;;7;115;Bug;;Shed Skin;;35;55;25;25;15;205
269;Dustox;Poison Moth ;;;12;316;Bug;Poison;Shield Dust;;50;70;50;90;65;385
270;Lotad;Water Weed ;;;5;26;Water;Grass;Swift Swim;Rain Dish;30;30;40;50;30;220
271;Lombre;Jolly ;;;12;325;Water;Grass;Swift Swim;Rain Dish;50;50;60;70;50;340
272;Ludicolo;Carefree ;;;15;550;Water;Grass;Swift Swim;Rain Dish;70;70;90;100;70;480
273;Seedot;Acorn ;;;5;40;Grass;;Chlorophyll;Early Bird;40;50;30;30;30;220
274;Nuzleaf;Wily ;;;10;280;Grass;Dark;Chlorophyll;Early Bird;70;40;60;40;60;340
275;Shiftry;Wicked ;;;13;596;Grass;Dark;Chlorophyll;Early Bird;100;60;90;60;80;480
276;Taillow;Tiny Swallow ;;;3;23;Normal;Flying;Guts;;55;30;30;30;85;270
277;Swellow;Swallow ;;;7;198;Normal;Flying;Guts;;85;60;75;50;125;455
278;Wingull;Seagull ;;;6;95;Water;Flying;Keen Eye;Hydration;30;30;55;30;85;270
279;Pelipper;Water Bird ;;;12;280;Water;Flying;Keen Eye;Drizzle;50;100;95;70;65;440
280;Ralts;Feeling ;;;4;66;Psychic;Fairy;Synchronize;Trace;25;25;45;35;40;198
281;Kirlia;Emotion ;;;8;202;Psychic;Fairy;Synchronize;Trace;35;35;65;55;50;278
282;Gardevoir;Embrace ;;;16;484;Psychic;Fairy;Synchronize;Trace;65;65;125;115;80;518
282;Gardevoir;Embrace ;Mega;;16;484;Psychic;Fairy;Pixilate;;85;65;165;135;100;618
283;Surskit;Pond Skater ;;;5;17;Bug;Water;Swift Swim;;30;32;50;52;65;269
284;Masquerain;Eyeball ;;;8;36;Bug;Flying;Intimidate;;60;62;100;82;80;454
285;Shroomish;Mushroom ;;;4;45;Grass;;Effect Spore;Poison Heal;40;60;40;60;35;295
286;Breloom;Mushroom ;;;12;392;Grass;Fighting;Effect Spore;Poison Heal;130;80;60;60;70;460
287;Slakoth;Slacker ;;;8;240;Normal;;Truant;;60;60;35;35;30;280
288;Vigoroth;Wild Monkey ;;;14;465;Normal;;Vital Spirit;;80;80;55;55;90;440
289;Slaking;Lazy ;;;20;1305;Normal;;Truant;;160;100;95;65;100;670
290;Nincada;Trainee ;;;5;55;Bug;Ground;Compound Eyes;;45;90;30;30;40;266
291;Ninjask;Ninja ;;;8;120;Bug;Flying;Speed Boost;;90;45;50;50;160;456
292;Shedinja;Shed ;;;8;12;Bug;Ghost;Wonder Guard;;90;45;30;30;40;236
293;Whismur;Whisper ;;;6;163;Normal;;Soundproof;;51;23;51;23;28;240
294;Loudred;Big Voice ;;;10;405;Normal;;Soundproof;;71;43;71;43;48;360
295;Exploud;Loud Noise ;;;15;840;Normal;;Soundproof;;91;63;91;73;68;490
296;Makuhita;Guts ;;;10;864;Fighting;;Thick Fat;Guts;60;30;20;30;25;237
297;Hariyama;Arm Thrust ;;;23;2538;Fighting;;Thick Fat;Guts;120;60;40;60;50;474
298;Azurill;Polka Dot ;;;2;20;Normal;Fairy;Thick Fat;Huge Power;20;40;20;40;20;190
299;Nosepass;Compass ;;;10;970;Rock;;Sturdy;Magnet Pull;45;135;45;90;30;375
300;Skitty;Kitten ;;;6;110;Normal;;Cute Charm;Normalize;45;45;35;35;50;260
301;Delcatty;Prim ;;;11;326;Normal;;Cute Charm;Normalize;65;65;55;55;90;400
302;Sableye;Darkness ;;;5;110;Dark;Ghost;Keen Eye;Stall;75;75;65;65;50;380
302;Sableye;Darkness ;Mega;;5;1610;Dark;Ghost;Magic Bounce;;85;125;85;115;20;480
303;Mawile;Deceiver ;Mega;;10;235;Steel;Fairy;Huge Power;;105;125;55;95;50;480
303;Mawile;Deceiver ;;;6;115;Steel;Fairy;Hyper Cutter;Intimidate;85;85;55;55;50;380
304;Aron;Iron Armor ;;;4;600;Steel;Rock;Sturdy;Rock Head;70;100;40;40;30;330
305;Lairon;Iron Armor ;;;9;1200;Steel;Rock;Sturdy;Rock Head;90;140;50;50;40;430
306;Aggron;Iron Armor ;;;21;3600;Steel;Rock;Sturdy;Rock Head;110;180;60;60;50;530
306;Aggron;Iron Armor ;Mega;;22;3950;Steel;;Filter;;140;230;60;80;50;630
307;Meditite;Meditate ;;;6;112;Fighting;Psychic;Pure Power;;40;55;40;55;60;280
308;Medicham;Meditate ;;;13;315;Fighting;Psychic;Pure Power;;60;75;60;75;80;410
308;Medicham;Meditate ;Mega;;13;315;Fighting;Psychic;Pure Power;;100;85;80;85;100;510
309;Electrike;Lightning ;;;6;152;Electric;;Static;Lightning Rod;45;40;65;40;65;295
310;Manectric;Discharge ;;;15;402;Electric;;Static;Lightning Rod;75;60;105;60;105;475
310;Manectric;Discharge ;Mega;;18;440;Electric;;Intimidate;;75;80;135;80;135;575
311;Plusle;Cheering ;;;4;42;Electric;;Plus;;50;40;85;75;95;405
312;Minun;Cheering ;;;4;42;Electric;;Minus;;40;50;75;85;95;405
313;Volbeat;Firefly ;;;7;177;Bug;;Illuminate;Swarm;73;75;47;85;85;430
314;Illumise;Firefly ;;;6;177;Bug;;Oblivious;Tinted Lens;47;75;73;85;85;430
315;Roselia;Thorn ;;;3;20;Grass;Poison;Natural Cure;Poison Point;60;45;100;80;65;400
316;Gulpin;Stomach ;;;4;103;Poison;;Liquid Ooze;Sticky Hold;43;53;43;53;40;302
317;Swalot;Poison Bag ;;;17;800;Poison;;Liquid Ooze;Sticky Hold;73;83;73;83;55;467
318;Carvanha;Savage ;;;8;208;Water;Dark;Rough Skin;;90;20;65;20;65;305
319;Sharpedo;Brutal ;;;18;888;Water;Dark;Rough Skin;;120;40;95;40;95;460
319;Sharpedo;Brutal ;Mega;;25;1303;Water;Dark;Strong Jaw;;140;70;110;65;105;560
320;Wailmer;Ball Whale ;;;20;1300;Water;;Water Veil;Oblivious;70;35;70;35;60;400
321;Wailord;Float Whale ;;;145;3980;Water;;Water Veil;Oblivious;90;45;90;45;60;500
322;Numel;Numb ;;;7;240;Fire;Ground;Oblivious;Simple;60;40;65;45;35;305
323;Camerupt;Eruption ;;;19;2200;Fire;Ground;Magma Armor;Solid Rock;100;70;105;75;40;460
323;Camerupt;Eruption ;Mega;;25;3205;Fire;Ground;Sheer Force;;120;100;145;105;20;560
324;Torkoal;Coal ;;;5;804;Fire;;White Smoke;Drought;85;140;85;70;20;470
325;Spoink;Bounce ;;;7;306;Psychic;;Thick Fat;Own Tempo;25;35;70;80;60;330
326;Grumpig;Manipulate ;;;9;715;Psychic;;Thick Fat;Own Tempo;45;65;90;110;80;470
327;Spinda;Spot Panda ;;;11;50;Normal;;Own Tempo;Tangled Feet;60;60;60;60;60;360
328;Trapinch;Ant Pit ;;;7;150;Ground;;Hyper Cutter;Arena Trap;100;45;45;45;10;290
329;Vibrava;Vibration ;;;11;153;Ground;Dragon;Levitate;;70;50;50;50;70;340
330;Flygon;Mystic ;;;20;820;Ground;Dragon;Levitate;;100;80;80;80;100;520
331;Cacnea;Cactus ;;;4;513;Grass;;Sand Veil;;85;40;85;40;35;335
332;Cacturne;Scarecrow ;;;13;774;Grass;Dark;Sand Veil;;115;60;115;60;55;475
333;Swablu;Cotton Bird ;;;4;12;Normal;Flying;Natural Cure;;40;60;40;75;50;310
334;Altaria;Humming ;;;11;206;Dragon;Flying;Natural Cure;;70;90;70;105;80;490
334;Altaria;Humming ;Mega;;15;206;Dragon;Fairy;Pixilate;;110;110;110;105;80;590
335;Zangoose;Cat Ferret ;;;13;403;Normal;;Immunity;;115;60;60;60;90;458
336;Seviper;Fang Snake ;;;27;525;Poison;;Shed Skin;;100;60;100;60;65;458
337;Lunatone;Meteorite ;;;10;1680;Rock;Psychic;Levitate;;55;65;95;85;70;460
338;Solrock;Meteorite ;;;12;1540;Rock;Psychic;Levitate;;95;85;55;65;70;460
339;Barboach;Whiskers ;;;4;19;Water;Ground;Oblivious;Anticipation;48;43;46;41;60;288
340;Whiscash;Whiskers ;;;9;236;Water;Ground;Oblivious;Anticipation;78;73;76;71;60;468
341;Corphish;Ruffian ;;;6;115;Water;;Hyper Cutter;Shell Armor;80;65;50;35;35;308
342;Crawdaunt;Rogue ;;;11;328;Water;Dark;Hyper Cutter;Shell Armor;120;85;90;55;55;468
343;Baltoy;Clay Doll ;;;5;215;Ground;Psychic;Levitate;;40;55;40;70;55;300
344;Claydol;Clay Doll ;;;15;1079;Ground;Psychic;Levitate;;70;105;70;120;75;500
345;Lileep;Sea Lily ;;;10;238;Rock;Grass;Suction Cups;;41;77;61;87;23;355
346;Cradily;Barnacle ;;;15;604;Rock;Grass;Suction Cups;;81;97;81;107;43;495
347;Anorith;Old Shrimp ;;;7;125;Rock;Bug;Battle Armor;;95;50;40;50;75;355
348;Armaldo;Plate ;;;15;682;Rock;Bug;Battle Armor;;125;100;70;80;45;495
349;Feebas;Fish ;;;6;74;Water;;Swift Swim;Oblivious;15;20;10;55;80;200
350;Milotic;Tender ;;;62;1620;Water;;Marvel Scale;Competitive;60;79;100;125;81;540
350;Milotic;Tender ;;;62;1620;Water;;Marvel Scale;Competitive;60;79;100;125;81;540
351;Castform;Weather ;;;3;8;Normal;;Forecast;;70;70;70;70;70;420
351;Castform;Weather ;Sunny;;3;8;Fire;;Forecast;;70;70;70;70;70;420
351;Castform;Weather ;Rainy;;3;8;Water;;Forecast;;70;70;70;70;70;420
351;Castform;Weather ;Snowy;;3;8;Ice;;Forecast;;70;70;70;70;70;420
352;Kecleon;Color Swap ;;;10;220;Normal;;Color Change;;90;70;60;120;40;440
353;Shuppet;Puppet ;;;6;23;Ghost;;Insomnia;Frisk;75;35;63;33;45;295
354;Banette;Marionette ;;;11;125;Ghost;;Insomnia;Frisk;115;65;83;63;65;455
354;Banette;Marionette ;Mega;;12;130;Ghost;;Prankster;;165;75;93;83;75;555
355;Duskull;Requiem ;;;8;150;Ghost;;Levitate;;40;90;30;90;25;295
356;Dusclops;Beckon ;;;16;306;Ghost;;Pressure;;70;130;60;130;25;455
357;Tropius;Fruit ;;;20;1000;Grass;Flying;Chlorophyll;Solar Power;68;83;72;87;51;460
358;Chimecho;Wind Chime ;;;6;10;Psychic;;Levitate;;50;80;95;90;65;455
359;Absol;Disaster ;;;12;470;Dark;;Pressure;Super Luck;130;60;75;60;75;465
359;Absol;Disaster ;Mega;;12;490;Dark;;Magic Bounce;;150;60;115;60;115;565
360;Wynaut;Bright ;;;6;140;Psychic;;Shadow Tag;;23;48;23;48;23;260
361;Snorunt;Snow Hat ;;;7;168;Ice;;Inner Focus;Ice Body;50;50;50;50;50;300
362;Glalie;Face ;;;15;2565;Ice;;Inner Focus;Ice Body;80;80;80;80;80;480
362;Glalie;Face ;Mega;;21;3502;Ice;;Refrigerate;;120;80;120;80;100;580
363;Spheal;Clap ;;;8;395;Ice;Water;Thick Fat;Ice Body;40;50;55;50;25;290
364;Sealeo;Ball Roll ;;;11;876;Ice;Water;Thick Fat;Ice Body;60;70;75;70;45;410
365;Walrein;Ice Break ;;;14;1506;Ice;Water;Thick Fat;Ice Body;80;90;95;90;65;530
366;Clamperl;Bivalve ;;;4;525;Water;;Shell Armor;;64;85;74;55;32;345
367;Huntail;Deep Sea ;;;17;270;Water;;Swift Swim;;104;105;94;75;52;485
368;Gorebyss;South Sea ;;;18;226;Water;;Swift Swim;;84;105;114;75;52;485
369;Relicanth;Longevity ;;;10;234;Water;Rock;Swift Swim;Rock Head;90;130;45;65;55;485
370;Luvdisc;Rendezvous ;;;6;87;Water;;Swift Swim;;30;55;40;65;97;330
371;Bagon;Rock Head ;;;6;421;Dragon;;Rock Head;;75;60;40;30;50;300
372;Shelgon;Endurance ;;;11;1105;Dragon;;Rock Head;;95;100;60;50;50;420
373;Salamence;Dragon ;;;15;1026;Dragon;Flying;Intimidate;;135;80;110;80;100;600
373;Salamence;Dragon ;Mega;;18;1126;Dragon;Flying;Aerilate;;145;130;120;90;120;700
374;Beldum;Iron Ball ;;;6;952;Steel;Psychic;Clear Body;;55;80;35;60;30;300
375;Metang;Iron Claw ;;;12;2025;Steel;Psychic;Clear Body;;75;100;55;80;50;420
376;Metagross;Iron Leg ;;;16;5500;Steel;Psychic;Clear Body;;135;130;95;90;70;600
376;Metagross;Iron Leg ;Mega;;25;9429;Steel;Psychic;Tough Claws;;145;150;105;110;110;700
377;Regirock;Rock Peak ;;Sub-Legendary;17;2300;Rock;;Clear Body;;100;200;50;100;50;580
378;Regice;Iceberg ;;Sub-Legendary;18;1750;Ice;;Clear Body;;50;100;100;200;50;580
379;Registeel;Iron ;;Sub-Legendary;19;2050;Steel;;Clear Body;;75;150;75;150;50;580
380;Latias;Eon ;;Sub-Legendary;14;400;Dragon;Psychic;Levitate;;80;90;110;130;110;600
380;Latias;Eon ;Mega;;18;520;Dragon;Psychic;Levitate;;100;120;140;150;110;700
381;Latios;Eon ;Mega;;23;700;Dragon;Psychic;Levitate;;130;100;160;120;110;700
381;Latios;Eon ;;Sub-Legendary;20;600;Dragon;Psychic;Levitate;;90;80;130;110;110;600
382;Kyogre;Sea Basin ;;Legendary;45;3520;Water;;Drizzle;;100;90;150;140;90;670
382;Kyogre;Sea Basin ;Primal;Legendary;98;4300;Water;;Primordial Sea;;150;90;180;160;90;770
383;Groudon;Continent ;Primal;Legendary;50;9997;Ground;Fire;Desolate Land;;180;160;150;90;90;770
383;Groudon;Continent ;;Legendary;35;9500;Ground;;Drought;;150;140;100;90;90;670
384;Rayquaza;Sky High ;;Legendary;70;2065;Dragon;Flying;Air Lock;;150;90;150;90;95;680
384;Rayquaza;Sky High ;Mega;Legendary;108;3920;Dragon;Flying;Delta Stream;;180;100;180;100;115;780
385;Jirachi;Wish ;;Mythical;3;11;Steel;Psychic;Serene Grace;;100;100;100;100;100;600
386;Deoxys;DNA ;;Mythical;17;608;Psychic;;Pressure;;150;50;150;50;150;600
386;Deoxys;DNA ;Attack;Mythical;17;608;Psychic;;Pressure;;180;20;180;20;150;600
386;Deoxys;DNA ;Defense;Mythical;17;608;Psychic;;Pressure;;70;160;70;160;90;600
386;Deoxys;DNA ;Speed;Mythical;17;608;Psychic;;Pressure;;95;90;95;90;180;600
387;Turtwig;Tiny Leaf ;;;4;102;Grass;;Overgrow;;68;64;45;55;31;318
388;Grotle;Grove ;;;11;970;Grass;;Overgrow;;89;85;55;65;36;405
389;Torterra;Continent ;;;22;3100;Grass;Ground;Overgrow;;109;105;75;85;56;525
390;Chimchar;Chimp ;;;5;62;Fire;;Blaze;;58;44;58;44;61;309
391;Monferno;Playful ;;;9;220;Fire;Fighting;Blaze;;78;52;78;52;81;405
392;Infernape;Flame ;;;12;550;Fire;Fighting;Blaze;;104;71;104;71;108;534
393;Piplup;Penguin ;;;4;52;Water;;Torrent;;51;53;61;56;40;314
394;Prinplup;Penguin ;;;8;230;Water;;Torrent;;66;68;81;76;50;405
395;Empoleon;Emperor ;;;17;845;Water;Steel;Torrent;;86;88;111;101;60;530
396;Starly;Starling ;;;3;20;Normal;Flying;Keen Eye;;55;30;30;30;60;245
397;Staravia;Starling ;;;6;155;Normal;Flying;Intimidate;;75;50;40;40;80;340
398;Staraptor;Predator ;;;12;249;Normal;Flying;Intimidate;;120;70;50;60;100;485
399;Bidoof;Plump Mouse ;;;5;200;Normal;;Simple;Unaware;45;40;35;40;31;250
400;Bibarel;Beaver ;;;10;315;Normal;Water;Simple;Unaware;85;60;55;60;71;410
401;Kricketot;Cricket ;;;3;22;Bug;;Shed Skin;;25;41;25;41;25;194
402;Kricketune;Cricket ;;;10;255;Bug;;Swarm;;85;51;55;51;65;384
403;Shinx;Flash ;;;5;95;Electric;;Rivalry;Intimidate;65;34;40;34;45;263
404;Luxio;Spark ;;;9;305;Electric;;Rivalry;Intimidate;85;49;60;49;60;363
405;Luxray;Gleam Eyes ;;;14;420;Electric;;Rivalry;Intimidate;120;79;95;79;70;523
406;Budew;Bud ;;;2;12;Grass;Poison;Natural Cure;Poison Point;30;35;50;70;55;280
407;Roserade;Bouquet ;;;9;145;Grass;Poison;Natural Cure;Poison Point;70;65;125;105;90;515
408;Cranidos;Head Butt ;;;9;315;Rock;;Mold Breaker;;125;40;30;30;58;350
409;Rampardos;Head Butt ;;;16;1025;Rock;;Mold Breaker;;165;60;65;50;58;495
410;Shieldon;Shield ;;;5;570;Rock;Steel;Sturdy;;42;118;42;88;30;350
411;Bastiodon;Shield ;;;13;1495;Rock;Steel;Sturdy;;52;168;47;138;30;495
412;Burmy;Bagworm ;;;2;34;Bug;;Shed Skin;;29;45;29;45;36;224
412;Burmy;Bagworm ;Sandy;;2;34;Bug;;Shed Skin;;29;45;29;45;36;224
412;Burmy;Bagworm ;Trash;;2;34;Bug;;Shed Skin;;29;45;29;45;36;224
413;Wormadam;Bagworm ;Sandy;;5;65;Bug;Ground;Anticipation;;79;105;59;85;36;424
413;Wormadam;Bagworm ;Trash;;5;65;Bug;Steel;Anticipation;;69;95;69;95;36;424
413;Wormadam;Bagworm ;;;5;65;Bug;Grass;Anticipation;;59;85;79;105;36;424
414;Mothim;Moth ;;;9;233;Bug;Flying;Swarm;;94;50;94;50;66;424
415;Combee;Tiny Bee ;;;3;55;Bug;Flying;Honey Gather;;30;42;30;42;70;244
416;Vespiquen;Beehive ;;;12;385;Bug;Flying;Pressure;;80;102;80;102;40;474
417;Pachirisu;EleSquirrel ;;;4;39;Electric;;Run Away;Pickup;45;70;45;90;95;405
418;Buizel;Sea Weasel ;;;7;295;Water;;Swift Swim;;65;35;60;30;85;330
419;Floatzel;Sea Weasel ;;;11;335;Water;;Swift Swim;;105;55;85;50;115;495
420;Cherubi;Cherry ;;;4;33;Grass;;Chlorophyll;;35;45;62;53;35;275
421;Cherrim;Blossom ;;;5;93;Grass;;Flower Gift;;60;70;87;78;85;450
422;Shellos;Sea Slug ;;;3;63;Water;;Sticky Hold;Storm Drain;48;48;57;62;34;325
423;Gastrodon;Sea Slug ;;;9;299;Water;Ground;Sticky Hold;Storm Drain;83;68;92;82;39;475
424;Ambipom;Long Tail ;;;12;203;Normal;;Technician;Pickup;100;66;60;66;115;482
425;Drifloon;Balloon ;;;4;12;Ghost;Flying;Aftermath;Unburden;50;34;60;44;70;348
426;Drifblim;Blimp ;;;12;150;Ghost;Flying;Aftermath;Unburden;80;44;90;54;80;498
427;Buneary;Rabbit ;;;4;55;Normal;;Run Away;Klutz;66;44;44;56;85;350
428;Lopunny;Rabbit ;;;12;333;Normal;;Cute Charm;Klutz;76;84;54;96;105;480
428;Lopunny;Rabbit ;Mega;;13;283;Normal;Fighting;Scrappy;;136;94;54;96;135;580
429;Mismagius;Magical ;;;9;44;Ghost;;Levitate;;60;60;105;105;105;495
430;Honchkrow;Big Boss ;;;9;273;Dark;Flying;Insomnia;Super Luck;125;52;105;52;71;505
431;Glameow;Catty ;;;5;39;Normal;;Limber;Own Tempo;55;42;42;37;85;310
432;Purugly;Tiger Cat ;;;10;438;Normal;;Thick Fat;Own Tempo;82;64;64;59;112;452
433;Chingling;Bell ;;;2;6;Psychic;;Levitate;;30;50;65;50;45;285
434;Stunky;Skunk ;;;4;192;Poison;Dark;Stench;Aftermath;63;47;41;41;74;329
435;Skuntank;Skunk ;;;10;380;Poison;Dark;Stench;Aftermath;93;67;71;61;84;479
436;Bronzor;Bronze ;;;5;605;Steel;Psychic;Levitate;Heatproof;24;86;24;86;23;300
437;Bronzong;Bronze Bell ;;;13;1870;Steel;Psychic;Levitate;Heatproof;89;116;79;116;33;500
438;Bonsly;Bonsai ;;;5;150;Rock;;Sturdy;Rock Head;80;95;10;45;10;290
439;Mime Jr.;Mime ;;;6;130;Psychic;Fairy;Soundproof;Filter;25;45;70;90;60;310
440;Happiny;Playhouse ;;;6;244;Normal;;Natural Cure;Serene Grace;5;5;15;65;30;220
441;Chatot;Music Note ;;;5;19;Normal;Flying;Keen Eye;Tangled Feet;65;45;92;42;91;411
442;Spiritomb;Forbidden ;;;10;1080;Ghost;Dark;Pressure;;92;108;92;108;35;485
443;Gible;Land Shark ;;;7;205;Dragon;Ground;Sand Veil;;70;45;40;45;42;300
444;Gabite;Cave ;;;14;560;Dragon;Ground;Sand Veil;;90;65;50;55;82;410
445;Garchomp;Mach ;;;19;950;Dragon;Ground;Sand Veil;;130;95;80;85;102;600
445;Garchomp;Mach ;Mega;;19;950;Dragon;Ground;Sand Force;;170;115;120;95;92;700
446;Munchlax;Big Eater ;;;6;1050;Normal;;Pickup;Thick Fat;85;40;40;85;5;390
447;Riolu;Emanation ;;;7;202;Fighting;;Steadfast;Inner Focus;70;40;35;40;60;285
448;Lucario;Aura ;;;12;540;Fighting;Steel;Steadfast;Inner Focus;110;70;115;70;90;525
448;Lucario;Aura ;Mega;;13;575;Fighting;Steel;Adaptability;;145;88;140;70;112;625
449;Hippopotas;Hippo ;;;8;495;Ground;;Sand Stream;;72;78;38;42;32;330
450;Hippowdon;Heavyweight ;;;20;3000;Ground;;Sand Stream;;112;118;68;72;47;525
451;Skorupi;Scorpion ;;;8;120;Poison;Bug;Battle Armor;Sniper;50;90;30;55;65;330
452;Drapion;Ogre Scorpion ;;;13;615;Poison;Dark;Battle Armor;Sniper;90;110;60;75;95;500
453;Croagunk;Toxic Mouth ;;;7;230;Poison;Fighting;Anticipation;Dry Skin;61;40;61;40;50;300
454;Toxicroak;Toxic Mouth ;;;13;444;Poison;Fighting;Anticipation;Dry Skin;106;65;86;65;85;490
455;Carnivine;Bug Catcher ;;;14;270;Grass;;Levitate;;100;72;90;72;46;454
456;Finneon;Wing Fish ;;;4;70;Water;;Swift Swim;Storm Drain;49;56;49;61;66;330
457;Lumineon;Neon ;;;12;240;Water;;Swift Swim;Storm Drain;69;76;69;86;91;460
458;Mantyke;Kite ;;;10;650;Water;Flying;Swift Swim;Water Absorb;20;50;60;120;50;345
459;Snover;Frost Tree ;;;10;505;Grass;Ice;Snow Warning;;62;50;62;60;40;334
460;Abomasnow;Frost Tree ;;;22;1355;Grass;Ice;Snow Warning;;92;75;92;85;60;494
460;Abomasnow;Frost Tree ;Mega;;27;1850;Grass;Ice;Snow Warning;;132;105;132;105;30;594
461;Weavile;Sharp Claw ;;;11;340;Dark;Ice;Pressure;;120;65;45;85;125;510
462;Magnezone;Magnet Area ;;;12;1800;Electric;Steel;Magnet Pull;Sturdy;70;115;130;90;60;535
462;Magnezone;Magnet Area ;;;12;1800;Electric;Steel;Magnet Pull;Sturdy;70;115;130;90;60;535
463;Lickilicky;Licking ;;;17;1400;Normal;;Own Tempo;Oblivious;85;95;80;95;50;515
464;Rhyperior;Drill ;;;24;2828;Ground;Rock;Lightning Rod;Solid Rock;140;130;55;55;40;535
465;Tangrowth;Vine ;;;20;1286;Grass;;Chlorophyll;Leaf Guard;100;125;110;50;50;535
466;Electivire;Thunderbolt ;;;18;1386;Electric;;Motor Drive;;123;67;95;85;95;540
467;Magmortar;Blast ;;;16;680;Fire;;Flame Body;;95;67;125;95;83;540
468;Togekiss;Jubilee ;;;15;380;Fairy;Flying;Hustle;Serene Grace;50;95;120;115;80;545
469;Yanmega;Ogre Darner ;;;19;515;Bug;Flying;Speed Boost;Tinted Lens;76;86;116;56;95;515
470;Leafeon;Verdant ;;;10;255;Grass;;Leaf Guard;;110;130;60;65;95;525
470;Leafeon;Verdant ;;;10;255;Grass;;Leaf Guard;;110;130;60;65;95;525
471;Glaceon;Fresh Snow ;;;8;259;Ice;;Snow Cloak;;60;110;130;95;65;525
471;Glaceon;Fresh Snow ;;;8;259;Ice;;Snow Cloak;;60;110;130;95;65;525
472;Gliscor;Fang Scorpion ;;;20;425;Ground;Flying;Hyper Cutter;Sand Veil;95;125;45;75;95;510
473;Mamoswine;Twin Tusk ;;;25;2910;Ice;Ground;Oblivious;Snow Cloak;130;80;70;60;80;530
474;Porygon-Z;Virtual ;;;9;340;Normal;;Adaptability;Download;80;70;135;75;90;535
475;Gallade;Blade ;;;16;520;Psychic;Fighting;Steadfast;Sharpness;125;65;65;115;80;518
475;Gallade;Blade ;Mega;;16;564;Psychic;Fighting;Inner Focus;;165;95;65;115;110;618
476;Probopass;Compass ;;;14;3400;Rock;Steel;Sturdy;Magnet Pull;55;145;75;150;40;525
476;Probopass;Compass ;;;14;3400;Rock;Steel;Sturdy;Magnet Pull;55;145;75;150;40;525
477;Dusknoir;Gripper ;;;22;1066;Ghost;;Pressure;;100;135;65;135;45;525
478;Froslass;Snow Land ;;;13;266;Ice;Ghost;Snow Cloak;;80;70;80;70;110;480
479;Rotom;Plasma ;;;3;3;Electric;Ghost;Levitate;;50;77;95;77;91;440
479;Rotom;Plasma ;Heat;;3;3;Electric;Fire;Levitate;;65;107;105;107;86;520
479;Rotom;Plasma ;Wash;;3;3;Electric;Water;Levitate;;65;107;105;107;86;520
479;Rotom;Plasma ;Frost;;3;3;Electric;Ice;Levitate;;65;107;105;107;86;520
479;Rotom;Plasma ;Fan;;3;3;Electric;Flying;Levitate;;65;107;105;107;86;520
479;Rotom;Plasma ;Mow;;3;3;Electric;Grass;Levitate;;65;107;105;107;86;520
480;Uxie;Knowledge ;;Sub-Legendary;3;3;Psychic;;Levitate;;75;130;75;130;95;580
481;Mesprit;Emotion ;;Sub-Legendary;3;3;Psychic;;Levitate;;105;105;105;105;80;580
482;Azelf;Willpower ;;Sub-Legendary;3;3;Psychic;;Levitate;;125;70;125;70;115;580
483;Dialga;Temporal ;;Legendary;54;6830;Steel;Dragon;Pressure;;120;120;150;100;90;680
483;Dialga;Temporal ;Origin;;70;8500;Steel;Dragon;Pressure;;100;120;150;120;90;680
484;Palkia;Spatial ;Origin;;63;6600;Water;Dragon;Pressure;;100;100;150;120;120;680
484;Palkia;Spatial ;;Legendary;42;3360;Water;Dragon;Pressure;;120;100;150;120;100;680
485;Heatran;Lava Dome ;;Sub-Legendary;17;4300;Fire;Steel;Flash Fire;;90;106;130;106;77;600
486;Regigigas;Colossal ;;Sub-Legendary;37;4200;Normal;;Slow Start;;160;110;80;110;100;670
487;Giratina;Renegade ;;Legendary;45;7500;Ghost;Dragon;Pressure;;100;120;100;120;90;680
487;Giratina;Renegade ;Origin;Legendary;69;6500;Ghost;Dragon;Levitate;;120;100;120;100;90;680
488;Cresselia;Lunar ;;Sub-Legendary;15;856;Psychic;;Levitate;;70;110;75;120;85;580
489;Phione;Sea Drifter ;;Mythical;4;31;Water;;Hydration;;80;80;80;80;80;480
490;Manaphy;Seafaring ;;Mythical;3;14;Water;;Hydration;;100;100;100;100;100;600
491;Darkrai;Pitch-Black ;;Mythical;15;505;Dark;;Bad Dreams;;90;90;135;90;125;600
492;Shaymin;Gratitude ;;Mythical;2;21;Grass;;Natural Cure;;100;100;100;100;100;600
492;Shaymin;Gratitude ;Sky;Mythical;4;52;Grass;Flying;Serene Grace;;103;75;120;75;127;600
493;Arceus;Alpha ;;Mythical;32;3200;Normal;;Multitype;;120;120;120;120;120;720
494;Victini;Victory ;;Mythical;4;40;Psychic;Fire;Victory Star;;100;100;100;100;100;600
495;Snivy;Grass Snake ;;;6;81;Grass;;Overgrow;;45;55;45;55;63;308
496;Servine;Grass Snake ;;;8;160;Grass;;Overgrow;;60;75;60;75;83;413
497;Serperior;Regal ;;;33;630;Grass;;Overgrow;;75;95;75;95;113;528
498;Tepig;Fire Pig ;;;5;99;Fire;;Blaze;;63;45;45;45;45;308
499;Pignite;Fire Pig ;;;10;555;Fire;Fighting;Blaze;;93;55;70;55;55;418
500;Emboar;Mega Fire Pig ;;;16;1500;Fire;Fighting;Blaze;;123;65;100;65;65;528
501;Oshawott;Sea Otter ;;;5;59;Water;;Torrent;;55;45;63;45;45;308
502;Dewott;Discipline ;;;8;245;Water;;Torrent;;75;60;83;60;60;413
503;Samurott;Formidable ;;;15;946;Water;;Torrent;;100;85;108;70;70;528
503;Samurott;Formidable ;Hisui;;15;582;Water;Dark;Torrent;;108;80;100;65;85;528
504;Patrat;Scout ;;;5;116;Normal;;Run Away;Keen Eye;55;39;35;39;42;255
505;Watchog;Lookout ;;;11;270;Normal;;Illuminate;Keen Eye;85;69;60;69;77;420
506;Lillipup;Puppy ;;;4;41;Normal;;Vital Spirit;Pickup;60;45;25;45;55;275
507;Herdier;Loyal Dog ;;;9;147;Normal;;Intimidate;Sand Rush;80;65;35;65;60;370
508;Stoutland;Big-Hearted ;;;12;610;Normal;;Intimidate;Sand Rush;110;90;45;90;80;500
509;Purrloin;Devious ;;;4;101;Dark;;Limber;Unburden;50;37;50;37;66;281
510;Liepard;Cruel ;;;11;375;Dark;;Limber;Unburden;88;50;88;50;106;446
511;Pansage;Grass Monkey ;;;6;105;Grass;;Gluttony;;53;48;53;48;64;316
512;Simisage;Thorn Monkey ;;;11;305;Grass;;Gluttony;;98;63;98;63;101;498
513;Pansear;High Temp ;;;6;110;Fire;;Gluttony;;53;48;53;48;64;316
514;Simisear;Ember ;;;10;280;Fire;;Gluttony;;98;63;98;63;101;498
515;Panpour;Spray ;;;6;135;Water;;Gluttony;;53;48;53;48;64;316
516;Simipour;Geyser ;;;10;290;Water;;Gluttony;;98;63;98;63;101;498
517;Munna;Dream Eater ;;;6;233;Psychic;;Forewarn;Synchronize;25;45;67;55;24;292
518;Musharna;Drowsing ;;;11;605;Psychic;;Forewarn;Synchronize;55;85;107;95;29;487
519;Pidove;Tiny Pigeon ;;;3;21;Normal;Flying;Big Pecks;Super Luck;55;50;36;30;43;264
520;Tranquill;Wild Pigeon ;;;6;150;Normal;Flying;Big Pecks;Super Luck;77;62;50;42;65;358
521;Unfezant;Proud ;;;12;290;Normal;Flying;Big Pecks;Super Luck;115;80;65;55;93;488
522;Blitzle;Electrified ;;;8;298;Electric;;Lightning Rod;Motor Drive;60;32;50;32;76;295
523;Zebstrika;Thunderbolt ;;;16;795;Electric;;Lightning Rod;Motor Drive;100;63;80;63;116;497
524;Roggenrola;Mantle ;;;4;180;Rock;;Sturdy;Weak Armor;75;85;25;25;15;280
525;Boldore;Ore ;;;9;1020;Rock;;Sturdy;Weak Armor;105;105;50;40;20;390
526;Gigalith;Compressed ;;;17;2600;Rock;;Sturdy;Sand Stream;135;130;60;80;25;515
527;Woobat;Bat ;;;4;21;Psychic;Flying;Unaware;Klutz;45;43;55;43;72;323
528;Swoobat;Courting ;;;9;105;Psychic;Flying;Unaware;Klutz;57;55;77;55;114;425
529;Drilbur;Mole ;;;3;85;Ground;;Sand Rush;Sand Force;85;40;30;45;68;328
530;Excadrill;Subterrene ;;;7;404;Ground;Steel;Sand Rush;Sand Force;135;60;50;65;88;508
531;Audino;Hearing ;;;11;310;Normal;;Healer;Regenerator;60;86;60;86;50;445
531;Audino;Hearing ;Mega;;15;320;Normal;Fairy;Healer;;60;126;80;126;50;545
532;Timburr;Muscular ;;;6;125;Fighting;;Guts;Sheer Force;80;55;25;35;35;305
533;Gurdurr;Muscular ;;;12;400;Fighting;;Guts;Sheer Force;105;85;40;50;40;405
534;Conkeldurr;Muscular ;;;14;870;Fighting;;Guts;Sheer Force;140;95;55;65;45;505
535;Tympole;Tadpole ;;;5;45;Water;;Swift Swim;Hydration;50;40;50;40;64;294
536;Palpitoad;Vibration ;;;8;170;Water;Ground;Swift Swim;Hydration;65;55;65;55;69;384
537;Seismitoad;Vibration ;;;15;620;Water;Ground;Swift Swim;Poison Touch;95;75;85;75;74;509
538;Throh;Judo ;;;13;555;Fighting;;Guts;Inner Focus;100;85;30;85;45;465
539;Sawk;Karate ;;;14;410;Fighting;;Sturdy;Inner Focus;125;75;30;75;85;465
540;Sewaddle;Sewing ;;;3;25;Bug;Grass;Swarm;Chlorophyll;53;70;40;60;42;310
541;Swadloon;Leaf-Wrapped ;;;5;73;Bug;Grass;Leaf Guard;Chlorophyll;63;90;50;80;42;380
542;Leavanny;Nurturing ;;;12;205;Bug;Grass;Swarm;Chlorophyll;103;80;70;80;92;500
543;Venipede;Centipede ;;;4;53;Bug;Poison;Poison Point;Swarm;45;59;30;39;57;260
544;Whirlipede;Curlipede ;;;12;585;Bug;Poison;Poison Point;Swarm;55;99;40;79;47;360
545;Scolipede;Megapede ;;;25;2005;Bug;Poison;Poison Point;Swarm;100;89;55;69;112;485
546;Cottonee;Cotton Puff ;;;3;6;Grass;Fairy;Prankster;Infiltrator;27;60;37;50;66;280
547;Whimsicott;Windveiled ;;;7;66;Grass;Fairy;Prankster;Infiltrator;67;85;77;75;116;480
548;Petilil;Bulb ;;;5;66;Grass;;Chlorophyll;Own Tempo;35;50;70;50;30;280
549;Lilligant;Flowering ;;;11;163;Grass;;Chlorophyll;Own Tempo;60;75;110;75;90;480
549;Lilligant;Spinning ;Hisui;;12;192;Grass;Fighting;Chlorophyll;Hustle;105;75;50;75;105;480
550;Basculin;Mellow ;White-Striped;;10;180;Water;;Rattled;Adaptability;92;65;80;55;98;460
550;Basculin;Hostile ;Blue-Striped;;10;180;Water;;Rock Head;Adaptability;92;65;80;55;98;460
550;Basculin;Hostile ;;;10;180;Water;;Reckless;Adaptability;92;65;80;55;98;460
551;Sandile;Desert Croc ;;;7;152;Ground;Dark;Intimidate;Moxie;72;35;35;35;65;292
552;Krokorok;Desert Croc ;;;10;334;Ground;Dark;Intimidate;Moxie;82;45;45;45;74;351
553;Krookodile;Intimidation ;;;15;963;Ground;Dark;Intimidate;Moxie;117;80;65;70;92;519
554;Darumaka;Zen Charm ;;;6;375;Fire;;Hustle;;90;45;15;45;50;315
554;Darumaka;Zen Charm ;Galar;;7;400;Ice;;Hustle;;90;45;15;45;50;315
555;Darmanitan;Blazing ;Zen;;13;929;Fire;Psychic;Zen Mode;;30;105;140;105;55;540
555;Darmanitan;Zen Charm ;Galar;;17;1200;Ice;;Gorilla Tactics;;140;55;30;55;95;480
555;Darmanitan;Zen Charm ;Galar Zen;;17;1200;Ice;Fire;Zen Mode;;160;55;30;55;135;540
555;Darmanitan;Blazing ;;;13;929;Fire;;Sheer Force;;140;55;30;55;95;480
556;Maractus;Cactus ;;;10;280;Grass;;Water Absorb;Chlorophyll;86;67;106;67;60;461
557;Dwebble;Rock Inn ;;;3;145;Bug;Rock;Sturdy;Shell Armor;65;85;35;35;55;325
558;Crustle;Stone Home ;;;14;2000;Bug;Rock;Sturdy;Shell Armor;105;125;65;75;45;485
559;Scraggy;Shedding ;;;6;118;Dark;Fighting;Shed Skin;Moxie;75;70;35;70;48;348
560;Scrafty;Hoodlum ;;;11;300;Dark;Fighting;Shed Skin;Moxie;90;115;45;115;58;488
561;Sigilyph;Avianoid ;;;14;140;Psychic;Flying;Wonder Skin;Magic Guard;58;80;103;80;97;490
562;Yamask;Spirit ;;;5;15;Ghost;;Mummy;;30;85;55;65;30;303
562;Yamask;Spirit ;Galar;;5;15;Ground;Ghost;Wandering Spirit;;55;85;30;65;30;303
563;Cofagrigus;Coffin ;;;17;765;Ghost;;Mummy;;50;145;95;105;30;483
564;Tirtouga;Prototurtle ;;;7;165;Water;Rock;Solid Rock;Sturdy;78;103;53;45;22;355
565;Carracosta;Prototurtle ;;;12;810;Water;Rock;Solid Rock;Sturdy;108;133;83;65;32;495
566;Archen;First Bird ;;;5;95;Rock;Flying;Defeatist;;112;45;74;45;70;401
567;Archeops;First Bird ;;;14;320;Rock;Flying;Defeatist;;140;65;112;65;110;567
568;Trubbish;Trash Bag ;;;6;310;Poison;;Stench;Sticky Hold;50;62;40;62;65;329
569;Garbodor;Trash Heap ;;;19;1073;Poison;;Stench;Weak Armor;95;82;60;82;75;474
569;Garbodor;Trash Heap ;Gigantamax;;210;0;Poison;;Stench;Weak Armor;95;82;60;82;75;474
570;Zorua;Spiteful Fox ;Hisui;;7;125;Normal;Ghost;Illusion;;60;40;85;40;70;330
570;Zorua;Tricky Fox ;;;7;125;Dark;;Illusion;;65;40;80;40;65;330
571;Zoroark;Illusion Fox ;;;16;811;Dark;;Illusion;;105;60;120;60;105;510
571;Zoroark;Baneful Fox ;Hisui;;16;730;Normal;Ghost;Illusion;;105;60;120;60;105;510
572;Minccino;Chinchilla ;;;4;58;Normal;;Cute Charm;Technician;50;40;40;40;75;300
573;Cinccino;Scarf ;;;5;75;Normal;;Cute Charm;Technician;95;60;65;60;115;470
574;Gothita;Fixation ;;;4;58;Psychic;;Frisk;Competitive;30;50;55;65;45;290
575;Gothorita;Manipulate ;;;7;180;Psychic;;Frisk;Competitive;45;70;75;85;55;390
576;Gothitelle;Astral Body ;;;15;440;Psychic;;Frisk;Competitive;55;95;95;110;65;490
577;Solosis;Cell ;;;3;10;Psychic;;Overcoat;Magic Guard;30;40;105;50;20;290
578;Duosion;Mitosis ;;;6;80;Psychic;;Overcoat;Magic Guard;40;50;125;60;30;370
579;Reuniclus;Multiplying ;;;10;201;Psychic;;Overcoat;Magic Guard;65;75;125;85;30;490
580;Ducklett;Water Bird ;;;5;55;Water;Flying;Keen Eye;Big Pecks;44;50;44;50;55;305
581;Swanna;White Bird ;;;13;242;Water;Flying;Keen Eye;Big Pecks;87;63;87;63;98;473
582;Vanillite;Fresh Snow ;;;4;57;Ice;;Ice Body;Snow Cloak;50;50;65;60;44;305
583;Vanillish;Icy Snow ;;;11;410;Ice;;Ice Body;Snow Cloak;65;65;80;75;59;395
584;Vanilluxe;Snowstorm ;;;13;575;Ice;;Ice Body;Snow Warning;95;85;110;95;79;535
585;Deerling;Season ;;;6;195;Normal;Grass;Chlorophyll;Sap Sipper;60;50;40;50;75;335
586;Sawsbuck;Season ;;;19;925;Normal;Grass;Chlorophyll;Sap Sipper;100;70;60;70;95;475
587;Emolga;Sky Squirrel ;;;4;50;Electric;Flying;Static;;75;60;75;60;103;428
588;Karrablast;Clamping ;;;5;59;Bug;;Swarm;Shed Skin;75;45;40;45;60;315
589;Escavalier;Cavalry ;;;10;330;Bug;Steel;Swarm;Shell Armor;135;105;60;105;20;495
590;Foongus;Mushroom ;;;2;10;Grass;Poison;Effect Spore;;55;45;55;55;15;294
591;Amoonguss;Mushroom ;;;6;105;Grass;Poison;Effect Spore;;85;70;85;80;30;464
592;Frillish;Floating ;;;12;330;Water;Ghost;Water Absorb;Cursed Body;40;50;65;85;40;335
593;Jellicent;Floating ;;;22;1350;Water;Ghost;Water Absorb;Cursed Body;60;70;85;105;60;480
594;Alomomola;Caring ;;;12;316;Water;;Healer;Hydration;75;80;40;45;65;470
595;Joltik;Attaching ;;;1;6;Bug;Electric;Compound Eyes;Unnerve;47;50;57;50;65;319
596;Galvantula;EleSpider ;;;8;143;Bug;Electric;Compound Eyes;Unnerve;77;60;97;60;108;472
597;Ferroseed;Thorn Seed ;;;6;188;Grass;Steel;Iron Barbs;;50;91;24;86;10;305
598;Ferrothorn;Thorn Pod ;;;10;1100;Grass;Steel;Iron Barbs;;94;131;54;116;20;489
599;Klink;Gear ;;;3;210;Steel;;Plus;Minus;55;70;45;60;30;300
600;Klang;Gear ;;;6;510;Steel;;Plus;Minus;80;95;70;85;50;440
601;Klinklang;Gear ;;;6;810;Steel;;Plus;Minus;100;115;70;85;90;520
602;Tynamo;EleFish ;;;2;3;Electric;;Levitate;;55;40;45;40;60;275
603;Eelektrik;EleFish ;;;12;220;Electric;;Levitate;;85;70;75;70;40;405
604;Eelektross;EleFish ;;;21;805;Electric;;Levitate;;115;80;105;80;50;515
605;Elgyem;Cerebral ;;;5;90;Psychic;;Telepathy;Synchronize;55;55;85;55;30;335
606;Beheeyem;Cerebral ;;;10;345;Psychic;;Telepathy;Synchronize;75;75;125;95;40;485
607;Litwick;Candle ;;;3;31;Ghost;Fire;Flash Fire;Flame Body;30;55;65;55;20;275
608;Lampent;Lamp ;;;6;130;Ghost;Fire;Flash Fire;Flame Body;40;60;95;60;55;370
609;Chandelure;Luring ;;;10;343;Ghost;Fire;Flash Fire;Flame Body;55;90;145;90;80;520
610;Axew;Tusk ;;;6;180;Dragon;;Rivalry;Mold Breaker;87;60;30;40;57;320
611;Fraxure;Axe Jaw ;;;10;360;Dragon;;Rivalry;Mold Breaker;117;70;40;50;67;410
612;Haxorus;Axe Jaw ;;;18;1055;Dragon;;Rivalry;Mold Breaker;147;90;60;70;97;540
613;Cubchoo;Chill ;;;5;85;Ice;;Snow Cloak;Slush Rush;70;40;60;40;40;305
614;Beartic;Freezing ;;;26;2600;Ice;;Snow Cloak;Slush Rush;130;80;70;80;50;505
615;Cryogonal;Crystallizing ;;;11;1480;Ice;;Levitate;;50;50;95;135;105;515
616;Shelmet;Snail ;;;4;77;Bug;;Hydration;Shell Armor;40;85;40;65;25;305
617;Accelgor;Shell Out ;;;8;253;Bug;;Hydration;Sticky Hold;70;40;100;60;145;495
618;Stunfisk;Trap ;;;7;110;Ground;Electric;Static;Limber;66;84;81;99;32;471
618;Stunfisk;Trap ;Galar;;7;205;Ground;Steel;Mimicry;;81;99;66;84;32;471
619;Mienfoo;Martial Arts ;;;9;200;Fighting;;Inner Focus;Regenerator;85;50;55;50;65;350
620;Mienshao;Martial Arts ;;;14;355;Fighting;;Inner Focus;Regenerator;125;60;95;60;105;510
621;Druddigon;Cave ;;;16;1390;Dragon;;Rough Skin;Sheer Force;120;90;60;90;48;485
622;Golett;Automaton ;;;10;920;Ground;Ghost;Iron Fist;Klutz;74;50;35;50;35;303
623;Golurk;Automaton ;;;28;3300;Ground;Ghost;Iron Fist;Klutz;124;80;55;80;55;483
624;Pawniard;Sharp Blade ;;;5;102;Dark;Steel;Defiant;Inner Focus;85;70;40;40;60;340
625;Bisharp;Sword Blade ;;;16;700;Dark;Steel;Defiant;Inner Focus;125;100;60;70;70;490
626;Bouffalant;Bash Buffalo ;;;16;945;Normal;;Reckless;Sap Sipper;110;95;40;95;55;490
627;Rufflet;Eaglet ;;;5;105;Normal;Flying;Keen Eye;Sheer Force;83;50;37;50;60;350
628;Braviary;Valiant ;;;15;410;Normal;Flying;Keen Eye;Sheer Force;123;75;57;75;80;510
628;Braviary;Battle Cry ;Hisui;;17;434;Psychic;Flying;Keen Eye;Sheer Force;83;70;112;70;65;510
629;Vullaby;Diapered ;;;5;90;Dark;Flying;Big Pecks;Overcoat;55;75;45;65;60;370
630;Mandibuzz;Bone Vulture ;;;12;395;Dark;Flying;Big Pecks;Overcoat;65;105;55;95;80;510
631;Heatmor;Anteater ;;;14;580;Fire;;Gluttony;Flash Fire;97;66;105;66;65;484
632;Durant;Iron Ant ;;;3;330;Bug;Steel;Swarm;Hustle;109;112;48;48;109;484
633;Deino;Irate ;;;8;173;Dark;Dragon;Hustle;;65;50;45;50;38;300
634;Zweilous;Hostile ;;;14;500;Dark;Dragon;Hustle;;85;70;65;70;58;420
635;Hydreigon;Brutal ;;;18;1600;Dark;Dragon;Levitate;;105;90;125;90;98;600
636;Larvesta;Torch ;;;11;288;Bug;Fire;Flame Body;;85;55;50;55;60;360
637;Volcarona;Sun ;;;16;460;Bug;Fire;Flame Body;;60;65;135;105;100;550
638;Cobalion;Iron Will ;;Sub-Legendary;21;2500;Steel;Fighting;Justified;;90;129;90;72;108;580
639;Terrakion;Cavern ;;Sub-Legendary;19;2600;Rock;Fighting;Justified;;129;90;72;90;108;580
640;Virizion;Grassland ;;Sub-Legendary;20;2000;Grass;Fighting;Justified;;90;72;90;129;108;580
641;Tornadus;Cyclone ;;Sub-Legendary;15;630;Flying;;Prankster;;115;70;125;80;111;580
641;Tornadus;Cyclone ;Therian;Sub-Legendary;15;630;Flying;;Regenerator;;100;80;110;90;121;580
642;Thundurus;Bolt Strike ;Therian;Sub-Legendary;30;610;Electric;Flying;Volt Absorb;;105;70;145;80;101;580
642;Thundurus;Bolt Strike ;;Sub-Legendary;15;610;Electric;Flying;Prankster;;115;70;125;80;111;580
643;Reshiram;Vast White ;;Legendary;32;3300;Dragon;Fire;Turboblaze;;120;100;150;120;90;680
644;Zekrom;Deep Black ;;Legendary;29;3450;Dragon;Electric;Teravolt;;150;120;120;100;90;680
645;Landorus;Abundance ;;Sub-Legendary;15;680;Ground;Flying;Sand Force;;125;90;115;80;101;600
645;Landorus;Abundance ;Therian;Sub-Legendary;13;680;Ground;Flying;Intimidate;;145;90;105;80;91;600
646;Kyurem;Boundary ;White;Legendary;36;3250;Dragon;Ice;Turboblaze;;120;90;170;100;95;700
646;Kyurem;Boundary ;Black;Legendary;33;3250;Dragon;Ice;Teravolt;;170;100;120;90;95;700
646;Kyurem;Boundary ;;Legendary;30;3250;Dragon;Ice;Pressure;;130;90;130;90;95;660
647;Keldeo;Colt ;;Mythical;14;485;Water;Fighting;Justified;;72;90;129;90;108;580
648;Meloetta;Melody ;;Mythical;6;65;Normal;Psychic;Serene Grace;;77;77;128;128;90;600
648;Meloetta;Melody ;Pirouette;Mythical;6;65;Normal;Fighting;Serene Grace;;128;90;77;77;128;600
649;Genesect;Paleozoic ;;Mythical;15;825;Bug;Steel;Download;;120;95;120;95;99;600
650;Chespin;Spiky Nut ;;;4;90;Grass;;Overgrow;;61;65;48;45;38;313
651;Quilladin;Spiky Armor ;;;7;290;Grass;;Overgrow;;78;95;56;58;57;405
652;Chesnaught;Spiky Armor ;;;16;900;Grass;Fighting;Overgrow;;107;122;74;75;64;530
653;Fennekin;Fox ;;;4;94;Fire;;Blaze;;45;40;62;60;60;307
654;Braixen;Fox ;;;10;145;Fire;;Blaze;;59;58;90;70;73;409
655;Delphox;Fox ;;;15;390;Fire;Psychic;Blaze;;69;72;114;100;104;534
656;Froakie;Bubble Frog ;;;3;70;Water;;Torrent;;56;40;62;44;71;314
657;Frogadier;Bubble Frog ;;;6;109;Water;;Torrent;;63;52;83;56;97;405
658;Greninja;Ninja ;;;15;400;Water;Dark;Torrent;;95;67;103;71;122;530
658;Greninja;Ninja ;Ash;;15;400;Water;Dark;Battle Bond;;145;67;153;71;132;640
659;Bunnelby;Digging ;;;4;50;Normal;;Pickup;Cheek Pouch;36;38;32;36;57;237
660;Diggersby;Digging ;;;10;424;Normal;Ground;Pickup;Cheek Pouch;56;77;50;77;78;423
661;Fletchling;Tiny Robin ;;;3;17;Normal;Flying;Big Pecks;;50;43;40;38;62;278
662;Fletchinder;Ember ;;;7;160;Fire;Flying;Flame Body;;73;55;56;52;84;382
663;Talonflame;Scorching ;;;12;245;Fire;Flying;Flame Body;;81;71;74;69;126;499
664;Scatterbug;Scatterdust ;;;3;25;Bug;;Shield Dust;Compound Eyes;35;40;27;25;35;200
665;Spewpa;Scatterdust ;;;3;84;Bug;;Shed Skin;;22;60;27;30;29;213
666;Vivillon;Scale ;;;12;170;Bug;Flying;Shield Dust;Compound Eyes;52;50;90;50;89;411
667;Litleo;Lion Cub ;;;6;135;Fire;Normal;Rivalry;Unnerve;50;58;73;54;72;369
668;Pyroar;Royal ;;;15;815;Fire;Normal;Rivalry;Unnerve;68;72;109;66;106;507
669;Flabébé;Single Bloom ;;;1;1;Fairy;;Flower Veil;;38;39;61;79;42;303
670;Floette;Single Bloom ;;;2;9;Fairy;;Flower Veil;;45;47;75;98;52;371
671;Florges;Garden ;;;11;100;Fairy;;Flower Veil;;65;68;112;154;75;552
672;Skiddo;Mount ;;;9;310;Grass;;Sap Sipper;;65;48;62;57;52;350
673;Gogoat;Mount ;;;17;910;Grass;;Sap Sipper;;100;62;97;81;68;531
674;Pancham;Playful ;;;6;80;Fighting;;Iron Fist;Mold Breaker;82;62;46;48;43;348
675;Pangoro;Daunting ;;;21;1360;Fighting;Dark;Iron Fist;Mold Breaker;124;78;69;71;58;495
676;Furfrou;Poodle ;;;12;280;Normal;;Fur Coat;;80;60;65;90;102;472
677;Espurr;Restraint ;;;3;35;Psychic;;Keen Eye;Infiltrator;48;54;63;60;68;355
678;Meowstic;Constraint ;;;6;85;Psychic;;Keen Eye;Infiltrator;48;76;83;81;104;466
678;Meowstic;Constraint ;Female;;6;85;Psychic;;Keen Eye;Infiltrator;48;76;83;81;104;466
679;Honedge;Sword ;;;8;20;Steel;Ghost;No Guard;;80;100;35;37;28;325
680;Doublade;Sword ;;;8;45;Steel;Ghost;No Guard;;110;150;45;49;35;448
681;Aegislash;Royal Sword ;;;17;530;Steel;Ghost;Stance Change;;50;140;50;140;60;500
681;Aegislash;Royal Sword ;Blade;;17;530;Steel;Ghost;Stance Change;;140;50;140;50;60;500
682;Spritzee;Perfume ;;;2;5;Fairy;;Healer;;52;60;63;65;23;341
683;Aromatisse;Fragrance ;;;8;155;Fairy;;Healer;;72;72;99;89;29;462
684;Swirlix;Cotton Candy ;;;4;35;Fairy;;Sweet Veil;;48;66;59;57;49;341
685;Slurpuff;Meringue ;;;8;50;Fairy;;Sweet Veil;;80;86;85;75;72;480
686;Inkay;Revolving ;;;4;35;Dark;Psychic;Suction Cups;Contrary;54;53;37;46;45;288
687;Malamar;Overturning ;;;15;470;Dark;Psychic;Suction Cups;Contrary;92;88;68;75;73;482
688;Binacle;Two-Handed ;;;5;310;Rock;Water;Tough Claws;Sniper;52;67;39;56;50;306
689;Barbaracle;Collective ;;;13;960;Rock;Water;Tough Claws;Sniper;105;115;54;86;68;500
690;Skrelp;Mock Kelp ;;;5;73;Poison;Water;Poison Point;Poison Touch;60;60;60;60;30;320
691;Dragalge;Mock Kelp ;;;18;815;Poison;Dragon;Poison Point;Poison Touch;75;90;97;123;44;494
692;Clauncher;Water Gun ;;;5;83;Water;;Mega Launcher;;53;62;58;63;44;330
693;Clawitzer;Howitzer ;;;13;353;Water;;Mega Launcher;;73;88;120;89;59;500
694;Helioptile;Generator ;;;5;60;Electric;Normal;Dry Skin;Sand Veil;38;33;61;43;70;289
695;Heliolisk;Generator ;;;10;210;Electric;Normal;Dry Skin;Sand Veil;55;52;109;94;109;481
696;Tyrunt;Royal Heir ;;;8;260;Rock;Dragon;Strong Jaw;;89;77;45;45;48;362
697;Tyrantrum;Despot ;;;25;2700;Rock;Dragon;Strong Jaw;;121;119;69;59;71;521
698;Amaura;Tundra ;;;13;252;Rock;Ice;Refrigerate;;59;50;67;63;46;362
699;Aurorus;Tundra ;;;27;2250;Rock;Ice;Refrigerate;;77;72;99;92;58;521
700;Sylveon;Interwining ;;;10;235;Fairy;;Cute Charm;;65;65;110;130;60;525
700;Sylveon;Interwining ;;;10;235;Fairy;;Cute Charm;;65;65;110;130;60;525
701;Hawlucha;Wrestling ;;;8;215;Fighting;Flying;Limber;Unburden;92;75;74;63;118;500
702;Dedenne;Antenna ;;;2;22;Electric;Fairy;Cheek Pouch;Pickup;58;57;81;67;101;431
703;Carbink;Jewel ;;;3;57;Rock;Fairy;Clear Body;;50;150;50;150;50;500
704;Goomy;Soft Tissue ;;;3;28;Dragon;;Sap Sipper;Hydration;50;35;55;75;40;300
705;Sliggoo;Soft Tissue ;;;8;175;Dragon;;Sap Sipper;Hydration;75;53;83;113;60;452
705;Sliggoo;Snail ;Hisui;;7;685;Steel;Dragon;Sap Sipper;Shell Armor;75;83;83;113;40;452
706;Goodra;Shell Bunker ;Hisui;;17;3341;Steel;Dragon;Sap Sipper;Shell Armor;100;100;110;150;60;600
706;Goodra;Dragon ;;;20;1505;Dragon;;Sap Sipper;Hydration;100;70;110;150;80;600
707;Klefki;Key Ring ;;;2;30;Steel;Fairy;Prankster;;80;91;80;87;75;470
708;Phantump;Stump ;;;4;70;Ghost;Grass;Natural Cure;Frisk;70;48;50;60;38;309
709;Trevenant;Elder Tree ;;;15;710;Ghost;Grass;Natural Cure;Frisk;110;76;65;82;56;474
710;Pumpkaboo;Pumpkin ;;;4;50;Ghost;Grass;Pickup;Frisk;66;70;44;55;51;335
711;Gourgeist;Pumpkin ;;;9;125;Ghost;Grass;Pickup;Frisk;90;122;58;75;84;494
712;Bergmite;Ice Chunk ;;;10;995;Ice;;Own Tempo;Ice Body;69;85;32;35;28;304
713;Avalugg;Iceberg ;;;20;5050;Ice;;Own Tempo;Ice Body;117;184;44;46;28;514
713;Avalugg;Iceberg ;Hisui;;14;2624;Ice;Rock;Strong Jaw;Ice Body;127;184;34;36;38;514
714;Noibat;Sound Wave ;;;5;80;Flying;Dragon;Frisk;Infiltrator;30;35;45;40;55;245
715;Noivern;Sound Wave ;;;15;850;Flying;Dragon;Frisk;Infiltrator;70;80;97;80;123;535
716;Xerneas;Life ;;Legendary;30;2150;Fairy;;Fairy Aura;;131;95;131;98;99;680
717;Yveltal;Destruction ;;Legendary;58;2030;Dark;Flying;Dark Aura;;131;95;131;98;99;680
718;Zygarde;Order ;;Legendary;50;3050;Dragon;Ground;Aura Break;Power Construct;100;121;81;95;95;600
718;Zygarde;Order ;10%;Legendary;12;335;Dragon;Ground;Aura Break;Power Construct;100;71;61;85;115;486
718;Zygarde;Order ;Complete;Legendary;45;6100;Dragon;Ground;Power Construct;;100;121;91;95;85;708
719;Diancie;Jewel ;Mega;Mythical;11;278;Rock;Fairy;Magic Bounce;;160;110;160;110;110;700
719;Diancie;Jewel ;;Mythical;7;88;Rock;Fairy;Clear Body;;100;150;100;150;50;600
720;Hoopa;Mischief ;;Mythical;5;90;Psychic;Ghost;Magician;;110;60;150;130;70;600
720;Hoopa;Djinn ;Unbound;Mythical;65;4900;Psychic;Dark;Magician;;160;60;170;130;80;680
721;Volcanion;Steam ;;Mythical;17;1950;Fire;Water;Water Absorb;;110;120;130;90;70;600
722;Rowlet;Grass Quill ;;;3;15;Grass;Flying;Overgrow;;55;55;50;50;40;318
723;Dartrix;Blade Quill ;;;7;160;Grass;Flying;Overgrow;;75;75;70;70;52;420
724;Decidueye;Arrow Quill ;;;16;366;Grass;Ghost;Overgrow;;107;75;100;100;70;530
724;Decidueye;Arrow Quill ;Hisui;;16;370;Grass;Fighting;Overgrow;;112;80;95;95;60;530
725;Litten;Fire Cat ;;;4;43;Fire;;Blaze;;65;40;60;40;70;320
726;Torracat;Fire Cat ;;;7;250;Fire;;Blaze;;85;50;80;50;90;420
727;Incineroar;Heel ;;;18;830;Fire;Dark;Blaze;;115;90;80;90;60;530
728;Popplio;Sea Lion ;;;4;75;Water;;Torrent;;54;54;66;56;40;320
729;Brionne;Pop Star ;;;6;175;Water;;Torrent;;69;69;91;81;50;420
730;Primarina;Soloist ;;;18;440;Water;Fairy;Torrent;;74;74;126;116;60;530
731;Pikipek;Woodpecker ;;;3;12;Normal;Flying;Keen Eye;Skill Link;75;30;30;30;65;265
732;Trumbeak;Bugle Beak ;;;6;148;Normal;Flying;Keen Eye;Skill Link;85;50;40;50;75;355
733;Toucannon;Cannon ;;;11;260;Normal;Flying;Keen Eye;Skill Link;120;75;75;75;60;485
734;Yungoos;Loitering ;;;4;60;Normal;;Stakeout;Strong Jaw;70;30;30;30;45;253
735;Gumshoos;Stakeout ;;;7;142;Normal;;Stakeout;Strong Jaw;110;60;55;60;45;418
736;Grubbin;Larva ;;;4;44;Bug;;Swarm;;62;45;55;45;46;300
737;Charjabug;Battery ;;;5;105;Bug;Electric;Battery;;82;95;55;75;36;400
738;Vikavolt;Stag Beetle ;;;15;450;Bug;Electric;Levitate;;70;90;145;75;43;500
738;Vikavolt;Stag Beetle ;;;15;450;Bug;Electric;Levitate;;70;90;145;75;43;500
739;Crabrawler;Boxing ;;;6;70;Fighting;;Hyper Cutter;Iron Fist;82;57;42;47;63;338
740;Crabominable;Woolly Crab ;;;17;1800;Fighting;Ice;Hyper Cutter;Iron Fist;132;77;62;67;43;478
740;Crabominable;Woolly Crab ;;;17;1800;Fighting;Ice;Hyper Cutter;Iron Fist;132;77;62;67;43;478
741;Oricorio;Dancing ;;;6;34;Fire;Flying;Dancer;;70;70;98;70;93;476
741;Oricorio;Dancing ;Pom-Pom;;6;34;Electric;Flying;Dancer;;70;70;98;70;93;476
741;Oricorio;Dancing ;Pa'u;;6;34;Psychic;Flying;Dancer;;70;70;98;70;93;476
741;Oricorio;Dancing ;Sensu;;6;34;Ghost;Flying;Dancer;;70;70;98;70;93;476
742;Cutiefly;Bee Fly ;;;1;2;Bug;Fairy;Honey Gather;Shield Dust;45;40;55;40;84;304
743;Ribombee;Bee Fly ;;;2;5;Bug;Fairy;Honey Gather;Shield Dust;55;60;96;70;124;465
744;Rockruff;Puppy ;;;5;92;Rock;;Keen Eye;Vital Spirit;65;40;30;40;60;280
745;Lycanroc;Wolf ;;;8;250;Rock;;Keen Eye;Sand Rush;115;65;55;65;112;487
745;Lycanroc;Wolf ;Midnight;;11;250;Rock;;Keen Eye;Vital Spirit;115;75;55;75;82;487
745;Lycanroc;Wolf ;Dusk;;8;250;Rock;;Tough Claws;;117;65;55;65;110;487
746;Wishiwashi;Small Fry ;;;2;3;Water;;Schooling;;20;20;25;25;40;175
746;Wishiwashi;Small Fry ;School;;82;786;Water;;Schooling;;140;130;140;135;30;620
747;Mareanie;Brutal Star ;;;4;80;Poison;Water;Merciless;Limber;53;62;43;52;45;305
748;Toxapex;Brutal ;;;7;145;Poison;Water;Merciless;Limber;63;152;53;142;35;495
749;Mudbray;Donkey ;;;10;1100;Ground;;Own Tempo;Stamina;100;70;45;55;45;385
750;Mudsdale;Draft Horse ;;;25;9200;Ground;;Own Tempo;Stamina;125;100;55;85;35;500
751;Dewpider;Water Bubble ;;;3;40;Water;Bug;Water Bubble;;40;52;40;72;27;269
752;Araquanid;Water Bubble ;;;18;820;Water;Bug;Water Bubble;;70;92;50;132;42;454
753;Fomantis;Sickle Grass ;;;3;15;Grass;;Leaf Guard;;55;35;50;35;35;250
754;Lurantis;Bloom Sickle ;;;9;185;Grass;;Leaf Guard;;105;90;80;90;45;480
755;Morelull;Illuminating ;;;2;15;Grass;Fairy;Illuminate;Effect Spore;35;55;65;75;15;285
756;Shiinotic;Illuminating ;;;10;115;Grass;Fairy;Illuminate;Effect Spore;45;80;90;100;30;405
757;Salandit;Toxic Lizard ;;;6;48;Poison;Fire;Corrosion;;44;40;71;40;77;320
758;Salazzle;Toxic Lizard ;;;12;222;Poison;Fire;Corrosion;;64;60;111;60;117;480
759;Stufful;Flailing ;;;5;68;Normal;Fighting;Fluffy;Klutz;75;50;45;50;50;340
760;Bewear;Strong Arm ;;;21;1350;Normal;Fighting;Fluffy;Klutz;125;80;55;60;60;500
761;Bounsweet;Fruit ;;;3;32;Grass;;Leaf Guard;Oblivious;30;38;30;38;32;210
762;Steenee;Fruit ;;;7;82;Grass;;Leaf Guard;Oblivious;40;48;40;48;62;290
763;Tsareena;Fruit ;;;12;214;Grass;;Leaf Guard;Queenly Majesty;120;98;50;98;72;510
764;Comfey;Posy Picker ;;;1;3;Fairy;;Flower Veil;Triage;52;90;82;110;100;485
765;Oranguru;Sage ;;;15;760;Normal;Psychic;Inner Focus;Telepathy;60;80;90;110;60;490
766;Passimian;Teamwork ;;;20;828;Fighting;;Receiver;;120;90;40;60;80;490
767;Wimpod;Turn Tail ;;;5;120;Bug;Water;Wimp Out;;35;40;20;30;80;230
768;Golisopod;Hard Scale ;;;20;1080;Bug;Water;Emergency Exit;;125;140;60;90;40;530
769;Sandygast;Sand Heap ;;;5;700;Ghost;Ground;Water Compaction;;55;80;70;45;15;320
770;Palossand;Sand Castle ;;;13;2500;Ghost;Ground;Water Compaction;;75;110;100;75;35;480
771;Pyukumuku;Sea Cucumber ;;;3;12;Water;;Innards Out;;60;130;30;130;5;410
772;Type: Null;Synthetic ;;Sub-Legendary;19;1205;Normal;;Battle Armor;;95;95;95;95;59;534
773;Silvally;Synthetic ;;Sub-Legendary;23;1005;Normal;;RKS System;;95;95;95;95;95;570
774;Minior;Meteor ;;;3;400;Rock;Flying;Shields Down;;60;100;60;100;60;440
774;Minior;Meteor ;Core;;3;3;Rock;Flying;Shields Down;;100;60;100;60;120;500
775;Komala;Drowsing ;;;4;199;Normal;;Comatose;;115;65;75;95;65;480
776;Turtonator;Blast Turtle ;;;20;2120;Fire;Dragon;Shell Armor;;78;135;91;85;36;485
777;Togedemaru;Roly-Poly ;;;3;33;Electric;Steel;Iron Barbs;Lightning Rod;98;63;40;73;96;435
778;Mimikyu;Disguise ;;;2;7;Ghost;Fairy;Disguise;;90;80;50;105;96;476
779;Bruxish;Gnash Teeth ;;;9;190;Water;Psychic;Dazzling;Strong Jaw;105;70;70;70;92;475
780;Drampa;Placid ;;;30;1850;Normal;Dragon;Berserk;Sap Sipper;60;85;135;91;36;485
781;Dhelmise;Sea Creeper ;;;39;2100;Ghost;Grass;Steelworker;;131;100;86;90;40;517
782;Jangmo-o;Scaly ;;;6;297;Dragon;;Bulletproof;Soundproof;55;65;45;45;45;300
783;Hakamo-o;Scaly ;;;12;470;Dragon;Fighting;Bulletproof;Soundproof;75;90;65;70;65;420
784;Kommo-o;Scaly ;;;16;782;Dragon;Fighting;Bulletproof;Soundproof;110;125;100;105;85;600
785;Tapu Koko;Land Spirit ;;Sub-Legendary;18;205;Electric;Fairy;Electric Surge;;115;85;95;75;130;570
786;Tapu Lele;Land Spirit ;;Sub-Legendary;12;186;Psychic;Fairy;Psychic Surge;;85;75;130;115;95;570
787;Tapu Bulu;Land Spirit ;;Sub-Legendary;19;455;Grass;Fairy;Grassy Surge;;130;115;85;95;75;570
788;Tapu Fini;Land Spirit ;;Sub-Legendary;13;212;Water;Fairy;Misty Surge;;75;115;95;130;85;570
789;Cosmog;Nebula ;;Legendary;2;1;Psychic;;Unaware;;29;31;29;31;37;200
790;Cosmoem;Protostar ;;Legendary;1;9999;Psychic;;Sturdy;;29;131;29;131;37;400
791;Solgaleo;Sunne ;;Legendary;34;2300;Psychic;Steel;Full Metal Body;;137;107;113;89;97;680
791;Solgaleo;Sunne ;;Legendary;34;2300;Psychic;Steel;Full Metal Body;;137;107;113;89;97;680
792;Lunala;Moone ;;Legendary;40;1200;Psychic;Ghost;Shadow Shield;;113;89;137;107;97;680
792;Lunala;Moone ;;Legendary;40;1200;Psychic;Ghost;Shadow Shield;;113;89;137;107;97;680
793;Nihilego;Parasite ;;Sub-Legendary;12;555;Rock;Poison;Beast Boost;;53;47;127;131;103;570
794;Buzzwole;Swollen ;;Sub-Legendary;24;3336;Bug;Fighting;Beast Boost;;139;139;53;53;79;570
795;Pheromosa;Lissome ;;Sub-Legendary;18;250;Bug;Fighting;Beast Boost;;137;37;137;37;151;570
796;Xurkitree;Glowing ;;Sub-Legendary;38;1000;Electric;;Beast Boost;;89;71;173;71;83;570
797;Celesteela;Launch ;;Sub-Legendary;92;9999;Steel;Flying;Beast Boost;;101;103;107;101;61;570
798;Kartana;Drawn Sword ;;Sub-Legendary;3;1;Grass;Steel;Beast Boost;;181;131;59;31;109;570
799;Guzzlord;Junkivore ;;Sub-Legendary;55;8880;Dark;Dragon;Beast Boost;;101;53;97;53;43;570
800;Necrozma;Prism ;Dusk Mane;Legendary;38;4600;Psychic;Steel;Prism Armor;;157;127;113;109;77;680
800;Necrozma;Prism ;Dawn Wings;Legendary;42;3500;Psychic;Ghost;Prism Armor;;113;109;157;127;77;680
800;Necrozma;Prism ;Ultra;Legendary;75;2300;Psychic;Dragon;Neuroforce;;167;97;167;97;129;754
800;Necrozma;Prism ;;Legendary;24;2300;Psychic;;Prism Armor;;107;101;127;89;79;600
801;Magearna;Artificial ;;Mythical;10;805;Steel;Fairy;Soul-Heart;;95;115;130;115;65;600
802;Marshadow;Gloomdweller ;;Mythical;7;222;Fighting;Ghost;Technician;;125;80;90;90;125;600
803;Poipole;Poison Pin ;;Sub-Legendary;6;18;Poison;;Beast Boost;;73;67;73;67;73;420
804;Naganadel;Poison Pin ;;Sub-Legendary;36;1500;Poison;Dragon;Beast Boost;;73;73;127;73;121;540
805;Stakataka;Rampart ;;Sub-Legendary;55;8200;Rock;Steel;Beast Boost;;131;211;53;101;13;570
806;Blacephalon;Fireworks ;;Sub-Legendary;18;130;Fire;Ghost;Beast Boost;;127;53;151;79;107;570
807;Zeraora;Thunderclap ;;Mythical;15;445;Electric;;Volt Absorb;;112;75;102;80;143;600
808;Meltan;Hex Nut ;;Mythical;2;80;Steel;;Magnet Pull;;65;65;55;35;34;300
809;Melmetal;Hex Nut ;;Mythical;25;8000;Steel;;Iron Fist;;143;143;80;65;34;600
809;Melmetal;Hex Nut ;Gigantamax;Mythical;250;0;Steel;;Iron Fist;;143;143;80;65;34;600
810;Grookey;Chimp ;;;3;50;Grass;;Overgrow;;65;50;40;40;65;310
811;Thwackey;Beat ;;;7;140;Grass;;Overgrow;;85;70;55;60;80;420
812;Rillaboom;Drummer ;;;21;900;Grass;;Overgrow;;125;90;60;70;85;530
812;Rillaboom;Drummer ;Gigantamax;;280;0;Grass;;Overgrow;;125;90;60;70;85;530
813;Scorbunny;Rabbit ;;;3;45;Fire;;Blaze;;71;40;40;40;69;310
814;Raboot;Rabbit ;;;6;90;Fire;;Blaze;;86;50;55;60;94;410
815;Cinderace;Striker ;;;14;330;Fire;;Blaze;;116;75;65;75;119;530
815;Cinderace;Striker ;Gigantamax;;270;0;Fire;;Blaze;;116;75;65;75;119;530
816;Sobble;Water Lizard ;;;3;40;Water;;Torrent;;40;40;70;40;70;310
817;Drizzile;Water Lizard ;;;7;115;Water;;Torrent;;60;55;95;55;90;420
818;Inteleon;Secret Agent ;;;19;452;Water;;Torrent;;85;65;125;65;120;530
818;Inteleon;Secret Agent ;Gigantamax;;400;0;Water;;Torrent;;85;65;125;65;120;530
819;Skwovet;Cheeky ;;;3;25;Normal;;Cheek Pouch;;55;55;35;35;25;275
820;Greedent;Greedy ;;;6;60;Normal;;Cheek Pouch;;95;95;55;75;20;460
821;Rookidee;Tiny Bird ;;;2;18;Flying;;Keen Eye;Unnerve;47;35;33;35;57;245
822;Corvisquire;Raven ;;;8;160;Flying;;Keen Eye;Unnerve;67;55;43;55;77;365
823;Corviknight;Raven ;;;22;750;Flying;Steel;Pressure;Unnerve;87;105;53;85;67;495
823;Corviknight;Raven ;Gigantamax;;140;0;Flying;Steel;Pressure;Unnerve;87;105;53;85;67;495
824;Blipbug;Larva ;;;4;80;Bug;;Swarm;Compound Eyes;20;20;25;45;45;180
825;Dottler;Radome ;;;4;195;Bug;Psychic;Swarm;Compound Eyes;35;80;50;90;30;335
826;Orbeetle;Seven Spot ;;;4;408;Bug;Psychic;Swarm;Frisk;45;110;80;120;90;505
826;Orbeetle;Seven Spot ;Gigantamax;;140;0;Bug;Psychic;Swarm;Frisk;45;110;80;120;90;505
827;Nickit;Fox ;;;6;89;Dark;;Run Away;Unburden;28;28;47;52;50;245
828;Thievul;Fox ;;;12;199;Dark;;Run Away;Unburden;58;58;87;92;90;455
829;Gossifleur;Flowering ;;;4;22;Grass;;Cotton Down;Regenerator;40;60;40;60;10;250
830;Eldegoss;Cotton Bloom ;;;5;25;Grass;;Cotton Down;Regenerator;50;90;80;120;60;460
831;Wooloo;Sheep ;;;6;60;Normal;;Fluffy;Run Away;40;55;40;45;48;270
832;Dubwool;Sheep ;;;13;430;Normal;;Fluffy;Steadfast;80;100;60;90;88;490
833;Chewtle;Snapping ;;;3;85;Water;;Strong Jaw;Shell Armor;64;50;38;38;44;284
834;Drednaw;Bite ;;;10;1155;Water;Rock;Strong Jaw;Shell Armor;115;90;48;68;74;485
834;Drednaw;Bite ;Gigantamax;;240;0;Water;Rock;Strong Jaw;Shell Armor;115;90;48;68;74;485
835;Yamper;Puppy ;;;3;135;Electric;;Ball Fetch;;45;50;40;50;26;270
836;Boltund;Dog ;;;10;340;Electric;;Strong Jaw;;90;60;90;60;121;490
837;Rolycoly;Coal ;;;3;120;Rock;;Steam Engine;Heatproof;40;50;40;50;30;240
838;Carkol;Coal ;;;11;780;Rock;Fire;Steam Engine;Flame Body;60;90;60;70;50;410
839;Coalossal;Coal ;;;28;3105;Rock;Fire;Steam Engine;Flame Body;80;120;80;90;30;510
839;Coalossal;Coal ;Gigantamax;;420;0;Rock;Fire;Steam Engine;Flame Body;80;120;80;90;30;510
840;Applin;Apple Core ;;;2;5;Grass;Dragon;Ripen;Gluttony;40;80;40;40;20;260
841;Flapple;Apple Wing ;;;3;10;Grass;Dragon;Ripen;Gluttony;110;80;95;60;70;485
841;Flapple;Apple Wing ;Gigantamax;;240;0;Grass;Dragon;Ripen;Gluttony;110;80;95;60;70;485
842;Appletun;Apple Nectar ;Gigantamax;;240;0;Grass;Dragon;Ripen;Gluttony;85;80;100;80;30;485
842;Appletun;Apple Nectar ;;;4;130;Grass;Dragon;Ripen;Gluttony;85;80;100;80;30;485
843;Silicobra;Sand Snake ;;;22;76;Ground;;Sand Spit;Shed Skin;57;75;35;50;46;315
844;Sandaconda;Sand Snake ;;;38;655;Ground;;Sand Spit;Shed Skin;107;125;65;70;71;510
844;Sandaconda;Sand Snake ;Gigantamax;;220;0;Ground;;Sand Spit;Shed Skin;107;125;65;70;71;510
845;Cramorant;Gulp ;;;8;180;Flying;Water;Gulp Missile;;85;55;85;95;85;475
846;Arrokuda;Rush ;;;5;10;Water;;Swift Swim;;63;40;40;30;66;280
847;Barraskewda;Skewer ;;;13;300;Water;;Swift Swim;;123;60;60;50;136;490
848;Toxel;Baby ;;;4;110;Electric;Poison;Rattled;Static;38;35;54;35;40;242
849;Toxtricity;Punk ;;;16;400;Electric;Poison;Punk Rock;Plus;98;70;114;70;75;502
849;Toxtricity;Punk ;Low Key;;16;400;Electric;Poison;Punk Rock;Minus;98;70;114;70;75;502
849;Toxtricity;Punk ;Gigantamax;;240;0;Electric;Poison;Punk Rock;Plus;98;70;114;70;75;502
849;Toxtricity;Punk ;Low Key Gigantamax;;240;0;Electric;Poison;Punk Rock;Minus;98;70;114;70;75;502
850;Sizzlipede;Radiator ;;;7;10;Fire;Bug;Flash Fire;White Smoke;65;45;50;50;45;305
851;Centiskorch;Radiator ;;;30;1200;Fire;Bug;Flash Fire;White Smoke;115;65;90;90;65;525
851;Centiskorch;Radiator ;Gigantamax;;750;0;Fire;Bug;Flash Fire;White Smoke;115;65;90;90;65;525
852;Clobbopus;Tantrum ;;;6;40;Fighting;;Limber;;68;60;50;50;32;310
853;Grapploct;Jujitsu ;;;16;390;Fighting;;Limber;;118;90;70;80;42;480
854;Sinistea;Black Tea ;;;1;2;Ghost;;Weak Armor;;45;45;74;54;50;308
855;Polteageist;Black Tea ;;;2;4;Ghost;;Weak Armor;;65;65;134;114;70;508
856;Hatenna;Calm ;;;4;34;Psychic;;Healer;Anticipation;30;45;56;53;39;265
857;Hattrem;Serene ;;;6;48;Psychic;;Healer;Anticipation;40;65;86;73;49;370
858;Hatterene;Silent ;;;21;51;Psychic;Fairy;Healer;Anticipation;90;95;136;103;29;510
858;Hatterene;Silent ;Gigantamax;;260;0;Psychic;Fairy;Healer;Anticipation;90;95;136;103;29;510
859;Impidimp;Wily ;;;4;55;Dark;Fairy;Prankster;Frisk;45;30;55;40;50;265
860;Morgrem;Devious ;;;8;125;Dark;Fairy;Prankster;Frisk;60;45;75;55;70;370
861;Grimmsnarl;Bulk Up ;;;15;610;Dark;Fairy;Prankster;Frisk;120;65;95;75;60;510
861;Grimmsnarl;Bulk Up ;Gigantamax;;320;0;Dark;Fairy;Prankster;Frisk;120;65;95;75;60;510
862;Obstagoon;Blocking ;;;16;460;Dark;Normal;Reckless;Guts;90;101;60;81;95;520
863;Perrserker;Viking ;;;8;280;Steel;;Battle Armor;Tough Claws;110;100;50;60;50;440
864;Cursola;Coral ;;;10;4;Ghost;;Weak Armor;;95;50;145;130;30;510
865;Sirfetch'd;Wild Duck ;;;8;1170;Fighting;;Steadfast;;135;95;68;82;65;507
866;Mr. Rime;Comedian ;;;15;582;Ice;Psychic;Tangled Feet;Screen Cleaner;85;75;110;100;70;520
867;Runerigus;Grudge ;;;16;666;Ground;Ghost;Wandering Spirit;;95;145;50;105;30;483
868;Milcery;Cream ;;;2;3;Fairy;;Sweet Veil;;40;40;50;61;34;270
869;Alcremie;Cream ;;;3;5;Fairy;;Sweet Veil;;60;75;110;121;64;495
869;Alcremie;Cream ;Gigantamax;;300;0;Fairy;;Sweet Veil;;60;75;110;121;64;495
870;Falinks;Formation ;;;30;620;Fighting;;Battle Armor;;100;100;70;60;75;465
871;Pincurchin;Sea Urchin ;;;3;10;Electric;;Lightning Rod;;101;95;91;85;15;435
872;Snom;Worm ;;;3;38;Ice;Bug;Shield Dust;;25;35;45;30;20;185
873;Frosmoth;Frost Moth ;;;13;420;Ice;Bug;Shield Dust;;65;60;125;90;65;475
874;Stonjourner;Big Rock ;;;25;5200;Rock;;Power Spot;;125;135;20;20;70;470
875;Eiscue;Penguin ;;;14;890;Ice;;Ice Face;;80;110;65;90;50;470
875;Eiscue;Penguin ;Noice;;14;890;Ice;;Ice Face;;80;70;65;50;130;470
876;Indeedee;Emotion ;;;9;280;Psychic;Normal;Inner Focus;Synchronize;65;55;105;95;95;475
876;Indeedee;Emotion ;Female;;9;280;Psychic;Normal;Own Tempo;Synchronize;55;65;95;105;85;475
877;Morpeko;Two-Sided ;;;3;30;Electric;Dark;Hunger Switch;;95;58;70;58;97;436
878;Cufant;Copperderm ;;;12;1000;Steel;;Sheer Force;;80;49;40;49;40;330
879;Copperajah;Copperderm ;;;30;6500;Steel;;Sheer Force;;130;69;80;69;30;500
879;Copperajah;Copperderm ;Gigantamax;;230;0;Steel;;Sheer Force;;130;69;80;69;30;500
880;Dracozolt;Fossil ;;;18;1900;Electric;Dragon;Volt Absorb;Hustle;100;90;80;70;75;505
881;Arctozolt;Fossil ;;;23;1500;Electric;Ice;Volt Absorb;Static;100;90;90;80;55;505
882;Dracovish;Fossil ;;;23;2150;Water;Dragon;Water Absorb;Strong Jaw;90;100;70;80;75;505
883;Arctovish;Fossil ;;;20;1750;Water;Ice;Water Absorb;Ice Body;90;100;80;90;55;505
884;Duraludon;Alloy ;;;18;400;Steel;Dragon;Light Metal;Heavy Metal;95;115;120;50;85;535
884;Duraludon;Alloy ;Gigantamax;;430;0;Steel;Dragon;Light Metal;Heavy Metal;95;115;120;50;85;535
885;Dreepy;Lingering ;;;5;20;Dragon;Ghost;Clear Body;Infiltrator;60;30;40;30;82;270
886;Drakloak;Caretaker ;;;14;110;Dragon;Ghost;Clear Body;Infiltrator;80;50;60;50;102;410
887;Dragapult;Stealth ;;;30;500;Dragon;Ghost;Clear Body;Infiltrator;120;75;100;75;142;600
888;Zacian;Warrior ;;Legendary;28;1100;Fairy;;Intrepid Sword;;120;115;80;115;138;660
888;Zacian;Warrior ;Crowned;Legendary;28;3550;Fairy;Steel;Intrepid Sword;;150;115;80;115;148;700
889;Zamazenta;Warrior ;;Legendary;29;2100;Fighting;;Dauntless Shield;;120;115;80;115;138;660
889;Zamazenta;Warrior ;Crowned;Legendary;29;7850;Fighting;Steel;Dauntless Shield;;120;140;80;140;128;700
890;Eternatus;Gigantic ;;Legendary;200;9500;Poison;Dragon;Pressure;;85;95;145;95;130;690
890;Eternatus;Gigantic ;Eternamax;Legendary;1000;0;Poison;Dragon;Pressure;;115;250;125;250;130;1125
891;Kubfu;Wushu ;;Sub-Legendary;6;120;Fighting;;Inner Focus;;90;60;53;50;72;385
892;Urshifu;Wushu ;;Sub-Legendary;19;1050;Fighting;Dark;Unseen Fist;;130;100;63;60;97;550
892;Urshifu;Wushu ;;Sub-Legendary;19;1050;Fighting;Dark;Unseen Fist;;130;100;63;60;97;550
892;Urshifu;Wushu ;Rapid Strike;Sub-Legendary;19;1050;Fighting;Water;Unseen Fist;;130;100;63;60;97;550
892;Urshifu;Wushu ;Rapid Strike;Sub-Legendary;19;1050;Fighting;Water;Unseen Fist;;130;100;63;60;97;550
892;Urshifu;Wushu ;Gigantamax;Sub-Legendary;290;0;Fighting;Dark;Unseen Fist;;130;100;63;60;97;550
892;Urshifu;Wushu ;Rapid Strike Gigantamax;Sub-Legendary;290;0;Fighting;Water;Unseen Fist;;130;100;63;60;97;550
893;Zarude;Rogue Monkey ;;Mythical;18;700;Dark;Grass;Leaf Guard;;120;105;70;95;105;600
894;Regieleki;Electron ;;Sub-Legendary;12;1450;Electric;;Transistor;;100;50;100;50;200;580
895;Regidrago;Dragon Orb ;;Sub-Legendary;21;2000;Dragon;;Dragon's Maw;;100;50;100;50;80;580
896;Glastrier;Wild Horse ;;Sub-Legendary;22;8000;Ice;;Chilling Neigh;;145;130;65;110;30;580
897;Spectrier;Swift Horse ;;Sub-Legendary;20;445;Ghost;;Grim Neigh;;65;60;145;80;130;580
898;Calyrex;High King ;Ice Rider;Legendary;11;77;Psychic;Ice;As One;;165;150;85;130;50;680
898;Calyrex;High King ;Shadow Rider;Legendary;11;77;Psychic;Ghost;As One;;85;80;165;100;150;680
898;Calyrex;King ;;Legendary;11;77;Psychic;Grass;Unnerve;;80;80;80;80;80;500
899;Wyrdeer;Big Horn ;;;18;951;Normal;Psychic;Intimidate;Frisk;105;72;105;75;65;525
900;Kleavor;Axe ;;;18;890;Bug;Rock;Swarm;Sheer Force;130;95;45;75;85;500
901;Ursaluna;Peat ;;;24;2900;Ground;Normal;Guts;Bulletproof;140;105;45;80;50;550
902;Basculegion;Big Fish ;Female;;30;1100;Water;Ghost;Swift Swim;Adaptability;92;65;100;75;78;530
902;Basculegion;Big Fish ;;;30;1100;Water;Ghost;Swift Swim;Adaptability;112;65;80;75;78;530
903;Sneasler;Free Climb ;;;13;430;Fighting;Poison;Pressure;Unburden;130;60;40;80;120;510
904;Overqwil;Pin Cluster ;;;25;605;Dark;Poison;Poison Point;Swift Swim;115;95;65;65;85;510
905;Enamorus;Love-Hate ;;Sub-Legendary;16;480;Fairy;Flying;Healer;;115;70;135;80;106;580
905;Enamorus;Love-Hate ;Therian;Sub-Legendary;16;480;Fairy;Flying;Overcoat;;115;110;135;100;46;580
906;Sprigatito;Grass Cat ;;;4;41;Grass;;Overgrow;;61;54;45;45;65;310
907;Floragato;Grass Cat ;;;9;122;Grass;;Overgrow;;80;63;60;63;83;410
908;Meowscarada;Magician ;;;15;312;Grass;Dark;Overgrow;;110;70;81;70;123;530
909;Fuecoco;Fire Croc ;;;4;41;Fire;;Blaze;;45;59;63;40;36;310
910;Crocalor;Fire Croc ;;;10;307;Fire;;Blaze;;55;78;49;58;90;411
911;Skeledirge;Singer ;;;16;3265;Fire;Ghost;Blaze;;75;100;110;75;66;530
912;Quaxly;Duckling ;;;5;61;Water;;Torrent;;65;45;50;45;50;310
913;Quaxwell;Practicing ;;;12;215;Water;;Torrent;;85;65;65;60;65;410
914;Quaquaval;Dancer ;;;18;619;Water;Fighting;Torrent;;120;80;85;75;85;530
915;Lechonk;Hog ;;;5;102;Normal;;Aroma Veil;Gluttony;45;40;35;45;35;254
916;Oinkologne;Hog ;;;10;1200;Normal;;Lingering Aroma;Gluttony;100;75;59;80;65;489
916;Oinkologne;Hog ;Female;;10;1200;Normal;;Aroma Veil;Gluttony;90;70;59;90;65;489
917;Tarountula;String Ball ;;;3;40;Bug;;Insomnia;;41;45;29;40;20;210
918;Spidops;Trap ;;;10;165;Bug;;Insomnia;;79;92;52;86;35;404
919;Nymble;Grasshopper ;;;2;10;Bug;;Swarm;;46;40;21;25;45;210
920;Lokix;Grasshopper ;;;10;175;Bug;Dark;Swarm;;102;78;52;55;92;450
921;Pawmi;Mouse ;;;3;25;Electric;;Static;Natural Cure;50;20;40;25;60;240
922;Pawmo;Mouse ;;;4;65;Electric;Fighting;Volt Absorb;Natural Cure;75;40;50;40;85;350
923;Pawmot;Mouse ;;;9;410;Electric;Fighting;Volt Absorb;Natural Cure;115;70;70;60;105;490
924;Tandemaus;Couple ;;;3;18;Normal;;Run Away;Pickup;50;45;40;45;75;305
925;Maushold;Family ;;;3;28;Normal;;Friend Guard;Cheek Pouch;75;70;65;75;111;470
926;Fidough;Puppy ;;;3;109;Fairy;;Own Tempo;;55;70;30;55;65;312
927;Dachsbun;Dog ;;;5;149;Fairy;;Well-Baked Body;;80;115;50;80;95;477
928;Smoliv;Olive ;;;3;65;Grass;Normal;Early Bird;;35;45;58;51;30;260
929;Dolliv;Olive ;;;6;119;Grass;Normal;Early Bird;;53;60;78;78;33;354
930;Arboliva;Olive ;;;14;482;Grass;Normal;Seed Sower;;69;90;125;109;39;510
931;Squawkabilly;Parrot ;;;6;24;Normal;Flying;Intimidate;Hustle;96;51;45;51;92;417
931;Squawkabilly;Parrot ;Blue Plumage;;6;24;Normal;Flying;Intimidate;Hustle;96;51;45;51;92;417
931;Squawkabilly;Parrot ;Yellow Plumage;;6;24;Normal;Flying;Intimidate;Hustle;96;51;45;51;92;417
931;Squawkabilly;Parrot ;White Plumage;;6;24;Normal;Flying;Intimidate;Hustle;96;51;45;51;92;417
932;Nacli;Rock Salt ;;;4;160;Rock;;Purifying Salt;Sturdy;55;75;35;35;25;280
933;Naclstack;Rock Salt ;;;6;1050;Rock;;Purifying Salt;Sturdy;60;100;35;65;35;355
934;Garganacl;Rock Salt ;;;23;2400;Rock;;Purifying Salt;Sturdy;100;130;45;90;35;500
935;Charcadet;Fire Child ;;;6;105;Fire;;Flash Fire;;50;40;50;40;35;255
936;Armarouge;Fire Warrior ;;;15;850;Fire;Psychic;Flash Fire;;60;100;125;80;75;525
937;Ceruledge;Fire Blades ;;;16;620;Fire;Ghost;Flash Fire;;125;80;60;100;85;525
938;Tadbulb;EleTadpole ;;;3;4;Electric;;Own Tempo;Static;31;41;59;35;45;272
939;Bellibolt;EleFrog Pokemon;;;12;1130;Electric;;Electromorphosis;Static;64;91;103;83;45;495
940;Wattrel;Storm Petrel ;;;4;36;Electric;Flying;Wind Power;Volt Absorb;40;35;55;40;70;280
941;Kilowattrel;Frigatebird ;;;14;386;Electric;Flying;Wind Power;Volt Absorb;70;60;105;60;125;490
942;Maschiff;Rascal ;;;5;160;Dark;;Intimidate;Guard Dog;78;60;40;51;51;340
943;Mabosstiff;Boss ;;;11;610;Dark;;Intimidate;Guard Dog;120;90;60;70;85;505
944;Shroodle;Toxic Mouse ;;;2;7;Poison;Normal;Unburden;Pickpocket;65;35;40;35;75;290
945;Grafaiai;Toxic Monkey ;;;7;272;Poison;Normal;Unburden;Poison Touch;95;65;80;72;110;485
946;Bramblin;Tumbleweed ;;;6;6;Grass;Ghost;Wind Power;;65;30;45;35;60;275
947;Brambleghast;Tumbleweed ;;;12;60;Grass;Ghost;Wind Power;;115;70;80;70;90;480
948;Toedscool;Woodear ;;;9;330;Ground;Grass;Mycelium Might;;40;35;50;100;70;335
949;Toedscruel;Woodear ;;;19;580;Ground;Grass;Mycelium Might;;70;65;80;120;100;515
950;Klawf;Ambush ;;;13;790;Rock;;Anger Shell;Shell Armor;100;115;35;55;75;450
951;Capsakid;Spicy Pepper ;;;3;30;Grass;;Chlorophyll;Insomnia;62;40;62;40;50;304
952;Scovillain;Spicy Pepper ;;;9;150;Grass;Fire;Chlorophyll;Insomnia;108;65;108;65;75;486
953;Rellor;Rolling ;;;2;10;Bug;;Compound Eyes;;50;60;31;58;30;270
954;Rabsca;Rolling ;;;3;35;Bug;Psychic;Synchronize;;50;85;115;100;45;470
955;Flittle;Frill ;;;2;15;Psychic;;Anticipation;Frisk;35;30;55;30;75;255
956;Espathra;Ostrich ;;;19;900;Psychic;;Opportunist;Frisk;60;60;101;60;105;481
957;Tinkatink;Metalsmith ;;;4;89;Fairy;Steel;Mold Breaker;Own Tempo;45;45;35;64;58;297
958;Tinkatuff;Hammer ;;;7;591;Fairy;Steel;Mold Breaker;Own Tempo;55;55;45;82;78;380
959;Tinkaton;Hammer ;;;7;1128;Fairy;Steel;Mold Breaker;Own Tempo;75;77;70;105;94;506
960;Wiglett;Garden Eel ;;;12;18;Water;;Gooey;Rattled;55;25;35;25;95;245
961;Wugtrio;Garden Eel ;;;12;54;Water;;Gooey;Rattled;100;50;50;70;120;425
962;Bombirdier;Item Drop ;;;15;429;Flying;Dark;Big Pecks;Keen Eye;103;85;60;85;82;485
963;Finizen;Dolphin ;;;13;602;Water;;Water Veil;;45;40;45;40;75;315
964;Palafin;Dolphin ;;;13;602;Water;;Zero to Hero;;70;72;53;62;100;457
964;Palafin;Dolphin ;Hero;;18;974;Water;;Zero to Hero;;160;97;106;87;100;650
965;Varoom;Single-Cyl ;;;10;350;Steel;Poison;Overcoat;;70;63;30;45;47;300
966;Revavroom;Multi-Cyl ;;;18;1200;Steel;Poison;Overcoat;;119;90;54;67;90;500
967;Cyclizar;Mount ;;;16;630;Dragon;Normal;Shed Skin;;95;65;85;65;121;501
968;Orthworm;Earthworm ;;;25;3100;Steel;;Earth Eater;;85;145;60;55;65;480
969;Glimmet;Ore ;;;7;80;Rock;Poison;Toxic Debris;;35;42;105;60;60;350
970;Glimmora;Ore ;;;15;450;Rock;Poison;Toxic Debris;;55;90;130;81;86;525
971;Greavard;Ghost Dog ;;;6;350;Ghost;;Pickup;;61;60;30;55;34;290
972;Houndstone;Ghost Dog ;;;20;150;Ghost;;Sand Rush;;101;100;50;97;68;488
973;Flamigo;Synchronize ;;;16;370;Flying;Fighting;Scrappy;Tangled Feet;115;74;75;64;90;500
974;Cetoddle;Terra Whale ;;;12;450;Ice;;Thick Fat;Snow Cloak;68;45;30;40;43;334
975;Cetitan;Terra Whale ;;;45;7000;Ice;;Thick Fat;Slush Rush;113;65;45;55;73;521
976;Veluza;Jettison ;;;25;900;Water;Psychic;Mold Breaker;;102;73;78;65;70;478
977;Dondozo;Big Catfish ;;;120;2200;Water;;Unaware;Oblivious;100;115;65;65;35;530
978;Tatsugiri;Mimicry ;;;3;80;Dragon;Water;Commander;;50;60;120;95;82;475
979;Annihilape;Rage Monkey ;;;12;560;Fighting;Ghost;Vital Spirit;Inner Focus;115;80;50;90;90;535
980;Clodsire;Spiny Fish ;;;18;2230;Poison;Ground;Poison Point;Water Absorb;75;60;45;100;20;430
981;Farigiraf;Long Neck ;;;32;1600;Normal;Psychic;Cud Chew;Armor Tail;90;70;110;70;60;520
982;Dudunsparce;Land Snake ;;;36;392;Normal;;Serene Grace;Run Away;100;80;85;75;55;520
983;Kingambit;Big Blade ;;;20;1200;Dark;Steel;Defiant;Supreme Overload;135;120;60;85;50;550
984;Great Tusk;Paradox ;;;22;3200;Ground;Fighting;Protosynthesis;;131;131;53;53;87;570
985;Scream Tail;Paradox ;;;12;80;Fairy;Psychic;Protosynthesis;;65;99;65;115;111;570
986;Brute Bonnet;Paradox ;;;12;210;Grass;Dark;Protosynthesis;;127;99;79;99;55;570
987;Flutter Mane;Paradox ;;;14;40;Ghost;Fairy;Protosynthesis;;55;55;135;135;135;570
988;Slither Wing;Paradox ;;;32;920;Bug;Fighting;Protosynthesis;;135;79;85;105;81;570
989;Sandy Shocks;Paradox ;;;23;600;Electric;Ground;Protosynthesis;;81;97;121;85;101;570
990;Iron Treads;Paradox ;;;9;2400;Ground;Steel;Quark Drive;;112;120;72;70;106;570
991;Iron Bundle;Paradox ;;;6;110;Ice;Water;Quark Drive;;80;114;124;60;136;570
992;Iron Hands;Paradox ;;;18;3807;Fighting;Electric;Quark Drive;;140;108;50;68;50;570
993;Iron Jugulis;Paradox ;;;13;1110;Dark;Flying;Quark Drive;;80;86;122;80;108;570
994;Iron Moth;Paradox ;;;12;360;Fire;Poison;Quark Drive;;70;60;140;110;110;570
995;Iron Thorns;Paradox ;;;16;3030;Rock;Electric;Quark Drive;;130;110;70;84;72;566
996;Frigibax;Ice Fin ;;;5;170;Dragon;Ice;Thermal Exchange;;75;45;35;45;55;320
997;Arctibax;Ice Fin ;;;8;300;Dragon;Ice;Thermal Exchange;;95;66;45;65;62;423
998;Baxcalibur;Ice Dragon ;;;21;2100;Dragon;Ice;Thermal Exchange;;145;92;75;86;87;600
999;Gimmighoul;Coin Chest ;;;3;50;Ghost;;Rattled;;30;70;75;70;10;300
999;Gimmighoul;Coin Chest ;Roaming;;1;1;Ghost;;Run Away;;30;25;75;45;80;300
1000;Gholdengo;Coin Entity ;;;12;300;Steel;Ghost;Good as Gold;;60;95;133;97;84;556
1001;Wo-Chien;Ruinous ;;Sub-Legendary;15;742;Dark;Grass;Tablets of Ruin;;85;100;95;135;70;570
1002;Chien-Pao;Ruinous ;;Sub-Legendary;19;1522;Dark;Ice;Sword of Ruin;;120;80;90;65;135;570
1003;Ting-Lu;Ruinous ;;Sub-Legendary;27;6997;Dark;Ground;Vessel of Ruin;;110;125;55;80;45;570
1004;Chi-Yu;Ruinous ;;Sub-Legendary;4;49;Dark;Fire;Beads of Ruin;;80;80;135;120;100;570
1005;Roaring Moon;Paradox ;;;20;3800;Dragon;Dark;Protosynthesis;;139;71;55;101;119;590
1006;Iron Valiant;Paradox ;;;14;350;Fairy;Fighting;Quark Drive;;130;90;120;60;116;590
1007;Koraidon;Paradox ;;Legendary;25;3030;Fighting;Dragon;Orichalcum Pulse;;135;115;85;100;135;670
1008;Miraidon;Paradox ;;Legendary;35;2400;Electric;Dragon;Hadron Engine;;85;100;135;115;135;670
